Auction Number,Price,Bid,Name,Time
957,"427,450,000 ₮","1,000,000 ₮",С. Г***Р,11:26:31
956,"426,450,000 ₮","50,000 ₮",Б. Б***А,11:24:37
955,"426,400,000 ₮","50,000 ₮",Н. Э***С,11:24:21
954,"426,350,000 ₮","50,000 ₮",С. Г***Р,11:24:11
953,"426,300,000 ₮","50,000 ₮",Б. Б***А,11:22:16
952,"426,250,000 ₮","50,000 ₮",С. Г***Р,11:20:23
951,"426,200,000 ₮","50,000 ₮",Б. Б***А,11:19:39
950,"426,150,000 ₮","100,000 ₮",Б. Б***Н,11:17:46
949,"426,050,000 ₮","50,000 ₮",С. Г***Р,11:16:09
948,"426,000,000 ₮","1,000,000 ₮",Б. Б***Н,11:15:05
947,"425,000,000 ₮","50,000 ₮",С. Г***Р,11:13:28
946,"424,950,000 ₮","50,000 ₮",Б. Б***А,11:12:40
945,"424,900,000 ₮","300,000 ₮",Б. Б***Ч,11:12:37
944,"424,600,000 ₮","50,000 ₮",Б. Б***А,11:12:22
943,"424,550,000 ₮","50,000 ₮",Б. Б***Ч,11:12:17
942,"424,500,000 ₮","50,000 ₮",Б. Б***А,11:11:44
941,"424,450,000 ₮","50,000 ₮",Д. О***Р,11:11:29
940,"424,400,000 ₮","100,000 ₮",Ц. Б***Л,11:11:16
939,"424,300,000 ₮","50,000 ₮",Б. Б***А,11:10:56
938,"424,250,000 ₮","50,000 ₮",С. Г***Р,11:10:30
937,"424,200,000 ₮","50,000 ₮",Б. Б***А,11:10:25
936,"424,150,000 ₮","50,000 ₮",С. Г***Р,11:08:32
935,"424,100,000 ₮","1,000,000 ₮",Ц. О***Л,11:06:44
934,"423,100,000 ₮","50,000 ₮",Д. О***Р,11:06:22
933,"423,050,000 ₮","50,000 ₮",С. Г***Р,11:06:17
932,"423,000,000 ₮","50,000 ₮",Б. Б***А,11:06:10
931,"422,950,000 ₮","50,000 ₮",С. Г***Р,11:06:04
930,"422,900,000 ₮","50,000 ₮",Б. Б***А,11:05:42
929,"422,850,000 ₮","50,000 ₮",С. Г***Р,11:05:37
928,"422,800,000 ₮","50,000 ₮",Б. Б***А,11:05:21
927,"422,750,000 ₮","50,000 ₮",С. Г***Р,11:05:16
926,"422,700,000 ₮","50,000 ₮",Б. Б***А,11:05:10
925,"422,650,000 ₮","50,000 ₮",С. Г***Р,11:04:54
924,"422,600,000 ₮","50,000 ₮",Ц. О***Л,11:04:53
923,"422,550,000 ₮","50,000 ₮",Б. Б***А,11:02:58
922,"422,500,000 ₮","100,000 ₮",С. Г***Р,11:02:37
921,"422,400,000 ₮","500,000 ₮",Н. Э***С,11:02:22
920,"421,900,000 ₮","50,000 ₮",Б. Б***А,11:00:57
919,"421,850,000 ₮","50,000 ₮",С. Г***Р,10:59:10
918,"421,800,000 ₮","50,000 ₮",Т. Б***А,10:58:55
917,"421,750,000 ₮","50,000 ₮",С. Г***Р,10:58:16
916,"421,700,000 ₮","50,000 ₮",Д. О***Р,10:57:55
915,"421,650,000 ₮","50,000 ₮",Б. Б***А,10:56:32
914,"421,600,000 ₮","50,000 ₮",С. Г***Р,10:54:41
913,"421,550,000 ₮","50,000 ₮",Ж. Э***Д,10:53:34
912,"421,500,000 ₮","50,000 ₮",С. Г***Р,10:53:03
911,"421,450,000 ₮","50,000 ₮",Ц. О***Л,10:52:44
910,"421,400,000 ₮","50,000 ₮",Ц. Х***А,10:51:05
909,"421,350,000 ₮","50,000 ₮",Б. Б***А,10:50:10
908,"421,300,000 ₮","50,000 ₮",Д. О***Р,10:49:56
907,"421,250,000 ₮","50,000 ₮",С. Г***Р,10:49:54
906,"421,200,000 ₮","50,000 ₮",Б. Б***А,10:48:00
905,"421,150,000 ₮","50,000 ₮",С. Г***Р,10:47:48
904,"421,100,000 ₮","50,000 ₮",Б. Б***А,10:47:46
903,"421,050,000 ₮","50,000 ₮",С. Г***Р,10:46:52
902,"421,000,000 ₮","50,000 ₮",М. Х***Н,10:46:28
901,"420,950,000 ₮","50,000 ₮",С. Г***Р,10:46:05
900,"420,900,000 ₮","50,000 ₮",Ц. О***Л,10:45:48
899,"420,850,000 ₮","50,000 ₮",С. Г***Р,10:45:45
898,"420,800,000 ₮","50,000 ₮",Ц. О***Л,10:45:40
897,"420,750,000 ₮","50,000 ₮",С. Г***Р,10:45:30
896,"420,700,000 ₮","50,000 ₮",Ц. О***Л,10:45:26
895,"420,650,000 ₮","50,000 ₮",С. Г***Р,10:44:39
894,"420,600,000 ₮","50,000 ₮",Ц. О***Л,10:44:20
893,"420,550,000 ₮","100,000 ₮",Г. А***Д,10:43:36
892,"420,450,000 ₮","50,000 ₮",Д. Ц***Р,10:42:57
891,"420,400,000 ₮","50,000 ₮",Д. О***Р,10:42:48
890,"420,350,000 ₮","50,000 ₮",Б. Б***А,10:42:33
889,"420,300,000 ₮","1,000,000 ₮",С. Г***Р,10:42:28
888,"419,300,000 ₮","50,000 ₮",Б. Б***А,10:40:34
887,"419,250,000 ₮","50,000 ₮",С. Г***Р,10:40:20
886,"419,200,000 ₮","50,000 ₮",Б. Б***А,10:40:13
885,"419,150,000 ₮","50,000 ₮",С. Г***Р,10:39:50
884,"419,100,000 ₮","50,000 ₮",Б. Б***А,10:39:17
883,"419,050,000 ₮","50,000 ₮",С. Г***Р,10:38:50
882,"419,000,000 ₮","50,000 ₮",Б. Б***А,10:38:45
881,"418,950,000 ₮","50,000 ₮",С. Г***Р,10:38:25
880,"418,900,000 ₮","500,000 ₮",Г. Э***Г,10:38:22
879,"418,400,000 ₮","50,000 ₮",С. Г***Р,10:37:55
878,"418,350,000 ₮","50,000 ₮",Ц. О***Л,10:37:50
877,"418,300,000 ₮","50,000 ₮",С. Г***Р,10:37:42
876,"418,250,000 ₮","50,000 ₮",Б. Б***А,10:37:31
875,"418,200,000 ₮","1,000,000 ₮",С. Г***Р,10:37:15
874,"417,200,000 ₮","50,000 ₮",Ц. О***Л,10:37:15
873,"417,150,000 ₮","50,000 ₮",Б. Б***А,10:36:53
872,"417,100,000 ₮","50,000 ₮",С. Г***Р,10:35:48
871,"417,050,000 ₮","50,000 ₮",Б. Б***А,10:35:39
870,"417,000,000 ₮","50,000 ₮",С. Г***Р,10:35:33
869,"416,950,000 ₮","50,000 ₮",Б. Б***А,10:35:19
868,"416,900,000 ₮","50,000 ₮",С. Б***Х,10:35:14
867,"416,850,000 ₮","50,000 ₮",С. Г***Р,10:35:13
866,"416,800,000 ₮","50,000 ₮",Ц. О***Л,10:35:09
865,"416,750,000 ₮","50,000 ₮",С. Г***Р,10:35:00
864,"416,700,000 ₮","50,000 ₮",Б. Б***А,10:34:53
863,"416,650,000 ₮","50,000 ₮",С. Г***Р,10:34:21
862,"416,600,000 ₮","50,000 ₮",Б. Б***А,10:34:16
861,"416,550,000 ₮","50,000 ₮",С. Г***Р,10:33:19
860,"416,500,000 ₮","50,000 ₮",Н. Э***С,10:33:15
859,"416,450,000 ₮","50,000 ₮",С. Г***Р,10:32:45
858,"416,400,000 ₮","50,000 ₮",Б. Б***А,10:32:24
857,"416,350,000 ₮","50,000 ₮",С. Г***Р,10:32:14
856,"416,300,000 ₮","50,000 ₮",Б. Б***А,10:30:38
855,"416,250,000 ₮","100,000 ₮",Н. Э***С,10:30:29
854,"416,150,000 ₮","50,000 ₮",Ч. Б***Т,10:30:28
853,"416,100,000 ₮","50,000 ₮",Б. Б***А,10:29:30
852,"416,050,000 ₮","300,000 ₮",З. О***Р,10:28:50
851,"415,750,000 ₮","300,000 ₮",Б. Н***Н,10:28:44
850,"415,450,000 ₮","50,000 ₮",Д. О***Р,10:28:33
849,"415,400,000 ₮","300,000 ₮",Б. Н***Н,10:28:26
848,"415,100,000 ₮","50,000 ₮",Б. Б***А,10:27:43
847,"415,050,000 ₮","50,000 ₮",Ц. О***Л,10:27:24
846,"415,000,000 ₮","1,000,000 ₮",Н. Э***С,10:26:39
845,"414,000,000 ₮","50,000 ₮",Б. Б***А,10:25:47
844,"413,950,000 ₮","50,000 ₮",С. Г***Р,10:24:43
843,"413,900,000 ₮","1,000,000 ₮",Н. Э***С,10:22:47
842,"412,900,000 ₮","50,000 ₮",Ч. Б***Т,10:22:27
841,"412,850,000 ₮","50,000 ₮",Ц. О***Л,10:21:34
840,"412,800,000 ₮","50,000 ₮",Т. Б***А,10:21:15
839,"412,750,000 ₮","1,000,000 ₮",Ц. О***Л,10:21:14
838,"411,750,000 ₮","500,000 ₮",Б. Б***А,10:21:09
837,"411,250,000 ₮","50,000 ₮",Ц. О***Л,10:21:02
836,"411,200,000 ₮","50,000 ₮",Б. Б***А,10:20:18
835,"411,150,000 ₮","50,000 ₮",Н. Э***С,10:20:13
834,"411,100,000 ₮","50,000 ₮",Б. Б***А,10:20:06
833,"411,050,000 ₮","50,000 ₮",Н. Э***С,10:20:03
832,"411,000,000 ₮","50,000 ₮",Ц. О***Л,10:19:58
831,"410,950,000 ₮","50,000 ₮",Б. Б***А,10:19:38
830,"410,900,000 ₮","50,000 ₮",Ц. О***Л,10:18:25
829,"410,850,000 ₮","50,000 ₮",Ч. Б***Т,10:17:59
828,"410,800,000 ₮","50,000 ₮",С. Г***Р,10:17:52
827,"410,750,000 ₮","500,000 ₮",С. Э***Р,10:17:33
826,"410,250,000 ₮","50,000 ₮",Ц. О***Л,10:17:13
825,"410,200,000 ₮","1,000,000 ₮",Н. Э***С,10:15:27
824,"409,200,000 ₮","50,000 ₮",Ч. Б***Т,10:15:23
823,"409,150,000 ₮","50,000 ₮",Д. Л***Н,10:14:59
822,"409,100,000 ₮","1,000,000 ₮",С. Г***Р,10:14:40
821,"408,100,000 ₮","1,000,000 ₮",Г. А***Д,10:14:17
820,"407,100,000 ₮","50,000 ₮",Д. О***Р,10:14:13
819,"407,050,000 ₮","1,000,000 ₮",Г. А***Д,10:13:05
818,"406,050,000 ₮","1,000,000 ₮",Ч. Б***Т,10:12:59
817,"405,050,000 ₮","1,000,000 ₮",Г. А***Д,10:12:40
816,"404,050,000 ₮","1,000,000 ₮",Ч. Б***Т,10:12:35
815,"403,050,000 ₮","1,000,000 ₮",С. Г***Р,10:12:15
814,"402,050,000 ₮","1,000,000 ₮",Ч. Б***Т,10:12:09
813,"401,050,000 ₮","1,000,000 ₮",Г. А***Д,10:12:01
812,"400,050,000 ₮","1,000,000 ₮",Ч. Б***Т,10:11:47
811,"399,050,000 ₮","1,000,000 ₮",Г. А***Д,10:11:47
810,"398,050,000 ₮","50,000 ₮",Д. О***Р,10:11:38
809,"398,000,000 ₮","50,000 ₮",Ч. Б***Т,10:11:21
808,"397,950,000 ₮","100,000 ₮",Т. Б***А,10:10:46
807,"397,850,000 ₮","50,000 ₮",Ч. Б***Т,10:10:45
806,"397,800,000 ₮","500,000 ₮",Г. А***Д,10:10:44
805,"397,300,000 ₮","50,000 ₮",Ч. Б***Т,10:10:03
804,"397,250,000 ₮","1,000,000 ₮",С. Г***Р,10:09:26
803,"396,250,000 ₮","100,000 ₮",Д. О***Р,10:09:23
802,"396,150,000 ₮","100,000 ₮",Ж. Э***Д,10:09:14
801,"396,050,000 ₮","50,000 ₮",А. М***Х,10:09:14
800,"396,000,000 ₮","100,000 ₮",Ж. Э***Д,10:09:13
799,"395,900,000 ₮","1,000,000 ₮",С. Г***Р,10:08:55
798,"394,900,000 ₮","1,000,000 ₮",Ц. Б***Ж,10:08:45
797,"393,900,000 ₮","50,000 ₮",С. Г***Р,10:07:55
796,"393,850,000 ₮","1,000,000 ₮",Э. Ж***Н,10:07:47
795,"392,850,000 ₮","300,000 ₮",С. Б***Х,10:07:19
794,"392,550,000 ₮","50,000 ₮",Б. Б***А,10:07:16
793,"392,500,000 ₮","50,000 ₮",Ч. Б***Т,10:07:08
792,"392,450,000 ₮","50,000 ₮",Б. Б***А,10:06:16
791,"392,400,000 ₮","100,000 ₮",И. Б***В,10:05:31
790,"392,300,000 ₮","50,000 ₮",Ч. Б***Т,10:04:51
789,"392,250,000 ₮","1,000,000 ₮",Г. Ц***А,10:04:11
788,"391,250,000 ₮","1,000,000 ₮",Н. Э***С,10:03:44
787,"390,250,000 ₮","50,000 ₮",Ч. Б***Т,10:03:16
786,"390,200,000 ₮","1,000,000 ₮",Б. Б***А,10:03:14
785,"389,200,000 ₮","1,000,000 ₮",Г. Ц***А,10:03:08
784,"388,200,000 ₮","1,000,000 ₮",Б. Б***А,10:02:59
783,"387,200,000 ₮","1,000,000 ₮",Г. Ц***А,10:02:28
782,"386,200,000 ₮","1,000,000 ₮",Х. Б***Р,10:02:22
781,"385,200,000 ₮","1,000,000 ₮",Г. Ц***А,10:02:17
780,"384,200,000 ₮","1,000,000 ₮",Х. Б***Р,10:02:17
779,"383,200,000 ₮","1,000,000 ₮",Г. Ц***А,10:02:16
778,"382,200,000 ₮","1,000,000 ₮",Б. Б***А,10:02:14
777,"381,200,000 ₮","50,000 ₮",Н. Э***С,10:02:10
776,"381,150,000 ₮","1,000,000 ₮",Х. Б***Р,10:02:10
775,"380,150,000 ₮","1,000,000 ₮",Б. Б***А,10:02:04
774,"379,150,000 ₮","1,000,000 ₮",Х. Б***Р,10:02:03
773,"378,150,000 ₮","1,000,000 ₮",Г. Ц***А,10:01:51
772,"377,150,000 ₮","100,000 ₮",Б. Б***А,10:01:20
771,"377,050,000 ₮","50,000 ₮",Ч. Б***Т,10:01:13
770,"377,000,000 ₮","1,000,000 ₮",Б. Б***А,10:01:08
769,"376,000,000 ₮","500,000 ₮",Н. Э***С,10:01:01
768,"375,500,000 ₮","1,000,000 ₮",Б. Б***А,10:00:51
767,"374,500,000 ₮","50,000 ₮",Д. Ц***Р,10:00:48
766,"374,450,000 ₮","1,000,000 ₮",Ч. М***Р,10:00:47
765,"373,450,000 ₮","1,000,000 ₮",Б. Б***А,10:00:33
764,"372,450,000 ₮","50,000 ₮",Д. Ц***Р,10:00:30
763,"372,400,000 ₮","50,000 ₮",С. Г***Р,10:00:28
762,"372,350,000 ₮","1,000,000 ₮",Б. Б***А,10:00:21
761,"371,350,000 ₮","50,000 ₮",Д. Ц***Р,10:00:13
760,"371,300,000 ₮","50,000 ₮",Ч. Б***Т,10:00:13
759,"371,250,000 ₮","1,000,000 ₮",Ч. М***Р,09:59:20
758,"370,250,000 ₮","50,000 ₮",Д. Ц***Р,09:59:05
757,"370,200,000 ₮","500,000 ₮",Ч. М***Р,09:59:00
756,"369,700,000 ₮","50,000 ₮",Д. Ц***Р,09:58:51
755,"369,650,000 ₮","50,000 ₮",Ч. Б***Т,09:58:28
754,"369,600,000 ₮","100,000 ₮",Ч. М***Р,09:58:11
753,"369,500,000 ₮","50,000 ₮",Ч. Б***Т,09:58:08
752,"369,450,000 ₮","50,000 ₮",С. Б***Х,09:57:56
751,"369,400,000 ₮","50,000 ₮",Д. Ц***Р,09:57:55
750,"369,350,000 ₮","500,000 ₮",Ч. М***Р,09:57:39
749,"368,850,000 ₮","50,000 ₮",Д. Ц***Р,09:57:31
748,"368,800,000 ₮","50,000 ₮",Ч. М***Р,09:57:14
747,"368,750,000 ₮","50,000 ₮",Ж. Э***Д,09:56:53
746,"368,700,000 ₮","50,000 ₮",Ч. М***Р,09:56:50
745,"368,650,000 ₮","50,000 ₮",Ч. Б***Т,09:56:39
744,"368,600,000 ₮","50,000 ₮",Д. Ц***Р,09:56:32
743,"368,550,000 ₮","50,000 ₮",Ч. М***Р,09:56:24
742,"368,500,000 ₮","50,000 ₮",С. Б***Х,09:56:19
741,"368,450,000 ₮","50,000 ₮",Ч. М***Р,09:55:46
740,"368,400,000 ₮","50,000 ₮",С. Б***Х,09:55:34
739,"368,350,000 ₮","50,000 ₮",Ч. М***Р,09:55:13
738,"368,300,000 ₮","50,000 ₮",Ч. Б***Т,09:55:10
737,"368,250,000 ₮","50,000 ₮",С. Г***Р,09:55:02
736,"368,200,000 ₮","100,000 ₮",Ч. М***Р,09:54:57
735,"368,100,000 ₮","50,000 ₮",С. Г***Р,09:54:51
734,"368,050,000 ₮","1,000,000 ₮",Ү. Б***Э,09:54:44
733,"367,050,000 ₮","500,000 ₮",Ч. М***Р,09:54:29
732,"366,550,000 ₮","50,000 ₮",Ч. Б***Т,09:54:24
731,"366,500,000 ₮","50,000 ₮",Ц. О***Л,09:54:23
730,"366,450,000 ₮","50,000 ₮",С. Б***Х,09:54:15
729,"366,400,000 ₮","50,000 ₮",Ч. Б***Т,09:53:55
728,"366,350,000 ₮","50,000 ₮",С. Г***Р,09:53:46
727,"366,300,000 ₮","50,000 ₮",Ч. Б***Т,09:53:05
726,"366,250,000 ₮","1,000,000 ₮",Х. Б***Р,09:52:56
725,"365,250,000 ₮","50,000 ₮",Ч. Б***Т,09:51:21
724,"365,200,000 ₮","50,000 ₮",С. Б***Х,09:50:50
723,"365,150,000 ₮","50,000 ₮",Ц. О***Л,09:50:23
722,"365,100,000 ₮","50,000 ₮",С. Б***Х,09:49:54
721,"365,050,000 ₮","500,000 ₮",Ж. Э***Д,09:49:50
720,"364,550,000 ₮","50,000 ₮",Ж. А***Г,09:49:10
719,"364,500,000 ₮","1,000,000 ₮",Х. Б***Р,09:48:59
718,"363,500,000 ₮","50,000 ₮",Ц. О***Л,09:48:48
717,"363,450,000 ₮","1,000,000 ₮",Д. О***Р,09:48:41
716,"362,450,000 ₮","1,000,000 ₮",Ч. Б***Т,09:48:40
715,"361,450,000 ₮","1,000,000 ₮",Д. О***Р,09:48:28
714,"360,450,000 ₮","1,000,000 ₮",Х. Б***Р,09:46:39
713,"359,450,000 ₮","500,000 ₮",С. Г***Р,09:46:17
712,"358,950,000 ₮","1,000,000 ₮",Ч. Б***Т,09:46:10
711,"357,950,000 ₮","300,000 ₮",Д. О***Р,09:45:55
710,"357,650,000 ₮","50,000 ₮",С. Г***Р,09:45:54
709,"357,600,000 ₮","50,000 ₮",М. Х***Н,09:45:53
708,"357,550,000 ₮","100,000 ₮",Д. О***Р,09:45:51
707,"357,450,000 ₮","50,000 ₮",Ц. О***Л,09:44:49
706,"357,400,000 ₮","50,000 ₮",Ч. Б***Т,09:44:22
705,"357,350,000 ₮","1,000,000 ₮",С. Б***Х,09:43:50
704,"356,350,000 ₮","50,000 ₮",Ч. Б***Т,09:43:48
703,"356,300,000 ₮","50,000 ₮",Ц. О***Л,09:43:45
702,"356,250,000 ₮","50,000 ₮",С. Г***Р,09:43:45
701,"356,200,000 ₮","50,000 ₮",Ц. О***Л,09:43:45
700,"356,150,000 ₮","100,000 ₮",С. Б***Х,09:43:45
699,"356,050,000 ₮","50,000 ₮",Ц. О***Л,09:43:43
698,"356,000,000 ₮","50,000 ₮",Д. О***Р,09:41:59
697,"355,950,000 ₮","50,000 ₮",С. Г***Р,09:41:42
696,"355,900,000 ₮","50,000 ₮",Г. Г***Р,09:41:41
695,"355,850,000 ₮","100,000 ₮",С. Б***Х,09:41:38
694,"355,750,000 ₮","50,000 ₮",Д. О***Р,09:41:32
693,"355,700,000 ₮","50,000 ₮",Ц. О***Л,09:41:31
692,"355,650,000 ₮","1,000,000 ₮",Д. О***Р,09:41:28
691,"354,650,000 ₮","50,000 ₮",С. Г***Р,09:41:28
690,"354,600,000 ₮","50,000 ₮",Ж. А***Г,09:41:28
689,"354,550,000 ₮","100,000 ₮",Д. О***Р,09:41:19
688,"354,450,000 ₮","50,000 ₮",Ц. Б***Х,09:41:11
687,"354,400,000 ₮","50,000 ₮",С. Г***Р,09:40:59
686,"354,350,000 ₮","50,000 ₮",Ч. Б***Т,09:40:05
685,"354,300,000 ₮","50,000 ₮",О. Б***Н,09:39:55
684,"354,250,000 ₮","50,000 ₮",Ж. А***Г,09:39:51
683,"354,200,000 ₮","50,000 ₮",С. Г***Р,09:39:39
682,"354,150,000 ₮","100,000 ₮",О. Б***Н,09:39:18
681,"354,050,000 ₮","100,000 ₮",М. Б***Н,09:38:42
680,"353,950,000 ₮","100,000 ₮",С. Г***Р,09:38:35
679,"353,850,000 ₮","1,000,000 ₮",Д. Л***Н,09:38:29
678,"352,850,000 ₮","50,000 ₮",С. Г***Р,09:38:25
677,"352,800,000 ₮","50,000 ₮",Ч. Б***Т,09:38:20
676,"352,750,000 ₮","50,000 ₮",С. Г***Р,09:38:01
675,"352,700,000 ₮","50,000 ₮",Г. Э***Г,09:38:00
674,"352,650,000 ₮","100,000 ₮",С. Б***Х,09:37:39
673,"352,550,000 ₮","50,000 ₮",С. Г***Р,09:36:51
672,"352,500,000 ₮","1,000,000 ₮",О. Б***Р,09:36:44
671,"351,500,000 ₮","50,000 ₮",С. Г***Р,09:36:40
670,"351,450,000 ₮","50,000 ₮",Ч. Б***Т,09:36:32
669,"351,400,000 ₮","1,000,000 ₮",С. Г***Р,09:36:11
668,"350,400,000 ₮","50,000 ₮",Б. А***К,09:36:04
667,"350,350,000 ₮","1,000,000 ₮",С. Г***Р,09:36:02
666,"349,350,000 ₮","1,000,000 ₮",С. Б***Х,09:35:55
665,"348,350,000 ₮","1,000,000 ₮",С. Г***Р,09:35:46
664,"347,350,000 ₮","50,000 ₮",С. Б***Х,09:35:40
663,"347,300,000 ₮","1,000,000 ₮",С. Г***Р,09:35:20
662,"346,300,000 ₮","50,000 ₮",С. Б***Х,09:35:04
661,"346,250,000 ₮","50,000 ₮",С. Г***Р,09:34:54
660,"346,200,000 ₮","1,000,000 ₮",Ж. Б***Ү,09:34:45
659,"345,200,000 ₮","50,000 ₮",Т. Б***А,09:34:41
658,"345,150,000 ₮","50,000 ₮",Ч. Б***Т,09:34:30
657,"345,100,000 ₮","50,000 ₮",С. Г***Р,09:34:27
656,"345,050,000 ₮","1,000,000 ₮",С. Б***Х,09:33:50
655,"344,050,000 ₮","50,000 ₮",Ц. О***Л,09:33:48
654,"344,000,000 ₮","1,000,000 ₮",С. С***Н,09:33:38
653,"343,000,000 ₮","1,000,000 ₮",С. Б***Х,09:33:33
652,"342,000,000 ₮","50,000 ₮",С. Г***Р,09:33:13
651,"341,950,000 ₮","50,000 ₮",Д. О***Р,09:33:00
650,"341,900,000 ₮","50,000 ₮",Ч. Б***Т,09:32:51
649,"341,850,000 ₮","50,000 ₮",Д. О***Р,09:32:44
648,"341,800,000 ₮","1,000,000 ₮",С. Б***Х,09:32:30
647,"340,800,000 ₮","50,000 ₮",Ц. О***Л,09:32:25
646,"340,750,000 ₮","50,000 ₮",С. Г***Р,09:32:15
645,"340,700,000 ₮","50,000 ₮",Т. Б***А,09:32:11
644,"340,650,000 ₮","50,000 ₮",С. Г***Р,09:31:39
643,"340,600,000 ₮","50,000 ₮",С. Б***Х,09:31:39
642,"340,550,000 ₮","1,000,000 ₮",С. С***Н,09:31:36
641,"339,550,000 ₮","50,000 ₮",С. Г***Р,09:30:51
640,"339,500,000 ₮","1,000,000 ₮",Ч. Б***Т,09:30:44
639,"338,500,000 ₮","50,000 ₮",Т. Б***А,09:30:22
638,"338,450,000 ₮","50,000 ₮",Ч. Б***Т,09:30:14
637,"338,400,000 ₮","1,000,000 ₮",Б. С***Н,09:29:41
636,"337,400,000 ₮","1,000,000 ₮",Т. Б***А,09:29:36
635,"336,400,000 ₮","1,000,000 ₮",Б. С***Н,09:29:21
634,"335,400,000 ₮","1,000,000 ₮",Т. Б***А,09:29:21
633,"334,400,000 ₮","50,000 ₮",С. Г***Р,09:29:15
632,"334,350,000 ₮","1,000,000 ₮",Т. Б***А,09:29:11
631,"333,350,000 ₮","50,000 ₮",С. Г***Р,09:29:05
630,"333,300,000 ₮","1,000,000 ₮",Т. Б***А,09:29:00
629,"332,300,000 ₮","50,000 ₮",Б. Б***Т,09:28:54
628,"332,250,000 ₮","1,000,000 ₮",Т. Б***А,09:28:51
627,"331,250,000 ₮","50,000 ₮",Ч. Б***Т,09:28:45
626,"331,200,000 ₮","1,000,000 ₮",Х. Б***Р,09:28:42
625,"330,200,000 ₮","50,000 ₮",Ж. Б***Ү,09:28:04
624,"330,150,000 ₮","50,000 ₮",С. Г***Р,09:27:30
623,"330,100,000 ₮","300,000 ₮",Ж. Б***Ү,09:27:26
622,"329,800,000 ₮","100,000 ₮",Б. Н***Н,09:27:19
621,"329,700,000 ₮","1,000,000 ₮",О. Б***Р,09:26:39
620,"328,700,000 ₮","1,000,000 ₮",Б. Н***Н,09:26:30
619,"327,700,000 ₮","1,000,000 ₮",О. Б***Р,09:26:30
618,"326,700,000 ₮","50,000 ₮",С. Г***Р,09:26:19
617,"326,650,000 ₮","50,000 ₮",Г. Д***М,09:26:13
616,"326,600,000 ₮","50,000 ₮",С. Г***Р,09:26:13
615,"326,550,000 ₮","50,000 ₮",Ч. Б***Т,09:26:04
614,"326,500,000 ₮","1,000,000 ₮",Т. Б***А,09:25:44
613,"325,500,000 ₮","1,000,000 ₮",Х. Б***Р,09:25:42
612,"324,500,000 ₮","50,000 ₮",Н. Б***Л,09:25:34
611,"324,450,000 ₮","50,000 ₮",С. Г***Р,09:25:30
610,"324,400,000 ₮","1,000,000 ₮",О. Б***Р,09:25:24
609,"323,400,000 ₮","50,000 ₮",С. Г***Р,09:25:20
608,"323,350,000 ₮","1,000,000 ₮",О. Б***Р,09:25:17
607,"322,350,000 ₮","50,000 ₮",С. Г***Р,09:25:13
606,"322,300,000 ₮","1,000,000 ₮",О. Б***Р,09:25:08
605,"321,300,000 ₮","50,000 ₮",С. Г***Р,09:25:07
604,"321,250,000 ₮","1,000,000 ₮",О. Б***Р,09:25:02
603,"320,250,000 ₮","50,000 ₮",С. Г***Р,09:25:00
602,"320,200,000 ₮","50,000 ₮",Ч. Б***Т,09:24:55
601,"320,150,000 ₮","50,000 ₮",С. Г***Р,09:24:52
600,"320,100,000 ₮","1,000,000 ₮",О. Б***Р,09:24:47
599,"319,100,000 ₮","50,000 ₮",Ж. Э***Д,09:24:45
598,"319,050,000 ₮","50,000 ₮",С. Г***Р,09:24:44
597,"319,000,000 ₮","1,000,000 ₮",О. Б***Р,09:24:35
596,"318,000,000 ₮","50,000 ₮",С. Г***Р,09:24:33
595,"317,950,000 ₮","1,000,000 ₮",О. Б***Р,09:24:29
594,"316,950,000 ₮","1,000,000 ₮",Ж. Э***Д,09:24:25
593,"315,950,000 ₮","50,000 ₮",Ч. Б***Т,09:24:24
592,"315,900,000 ₮","1,000,000 ₮",Х. Ц***А,09:24:16
591,"314,900,000 ₮","1,000,000 ₮",О. Б***Р,09:24:15
590,"313,900,000 ₮","1,000,000 ₮",Ж. Б***Ү,09:24:10
589,"312,900,000 ₮","1,000,000 ₮",О. Б***Р,09:24:04
588,"311,900,000 ₮","1,000,000 ₮",Х. Ц***А,09:24:04
587,"310,900,000 ₮","1,000,000 ₮",Ж. Э***Д,09:23:58
586,"309,900,000 ₮","1,000,000 ₮",Ж. Б***Ү,09:23:58
585,"308,900,000 ₮","1,000,000 ₮",О. Б***Р,09:23:58
584,"307,900,000 ₮","1,000,000 ₮",Б. О***М,09:23:57
583,"306,900,000 ₮","50,000 ₮",Ч. Б***Т,09:23:55
582,"306,850,000 ₮","50,000 ₮",С. Г***Р,09:23:41
581,"306,800,000 ₮","50,000 ₮",Б. А***К,09:23:37
580,"306,750,000 ₮","50,000 ₮",С. Г***Р,09:23:10
579,"306,700,000 ₮","50,000 ₮",Ч. Б***Т,09:23:04
578,"306,650,000 ₮","500,000 ₮",Л. Б***Д,09:22:52
577,"306,150,000 ₮","300,000 ₮",Т. Б***А,09:22:47
576,"305,850,000 ₮","50,000 ₮",М. Б***Н,09:22:36
575,"305,800,000 ₮","100,000 ₮",Т. Б***А,09:22:31
574,"305,700,000 ₮","50,000 ₮",Ч. Б***Т,09:22:24
573,"305,650,000 ₮","50,000 ₮",С. Г***Р,09:22:13
572,"305,600,000 ₮","50,000 ₮",Т. Б***А,09:22:10
571,"305,550,000 ₮","50,000 ₮",С. Г***Р,09:21:51
570,"305,500,000 ₮","1,000,000 ₮",М. Б***Н,09:21:49
569,"304,500,000 ₮","1,000,000 ₮",Х. Ц***А,09:21:46
568,"303,500,000 ₮","50,000 ₮",С. Г***Р,09:21:33
567,"303,450,000 ₮","50,000 ₮",Д. О***Р,09:21:26
566,"303,400,000 ₮","50,000 ₮",Г. Э***Г,09:21:13
565,"303,350,000 ₮","50,000 ₮",С. Г***Р,09:20:57
564,"303,300,000 ₮","50,000 ₮",Х. Ц***А,09:20:48
563,"303,250,000 ₮","100,000 ₮",Б. Н***Н,09:20:44
562,"303,150,000 ₮","1,000,000 ₮",Б. С***Н,09:20:43
561,"302,150,000 ₮","300,000 ₮",Б. Н***Н,09:20:43
560,"301,850,000 ₮","50,000 ₮",С. Г***Р,09:20:42
559,"301,800,000 ₮","50,000 ₮",Х. Ц***А,09:20:36
558,"301,750,000 ₮","50,000 ₮",С. Г***Р,09:20:31
557,"301,700,000 ₮","100,000 ₮",Х. Ц***А,09:20:20
556,"301,600,000 ₮","50,000 ₮",Б. А***К,09:20:19
555,"301,550,000 ₮","50,000 ₮",Ч. Б***Т,09:20:18
554,"301,500,000 ₮","50,000 ₮",С. Г***Р,09:20:08
553,"301,450,000 ₮","50,000 ₮",Х. Ц***А,09:20:05
552,"301,400,000 ₮","1,000,000 ₮",О. Б***Р,09:20:04
551,"300,400,000 ₮","50,000 ₮",Д. Л***Н,09:20:02
550,"300,350,000 ₮","1,000,000 ₮",С. Г***Р,09:20:01
549,"299,350,000 ₮","50,000 ₮",Х. Ц***А,09:20:00
548,"299,300,000 ₮","1,000,000 ₮",О. Б***Р,09:19:56
547,"298,300,000 ₮","50,000 ₮",Х. Ц***А,09:19:51
546,"298,250,000 ₮","1,000,000 ₮",Ж. Б***Ү,09:19:50
545,"297,250,000 ₮","1,000,000 ₮",О. Б***Р,09:19:49
544,"296,250,000 ₮","50,000 ₮",Х. Ц***А,09:19:45
543,"296,200,000 ₮","1,000,000 ₮",О. Б***Р,09:19:42
542,"295,200,000 ₮","1,000,000 ₮",Ч. Б***Т,09:19:41
541,"294,200,000 ₮","50,000 ₮",Х. Ц***А,09:19:39
540,"294,150,000 ₮","1,000,000 ₮",О. Б***Р,09:19:35
539,"293,150,000 ₮","50,000 ₮",Х. Ц***А,09:19:31
538,"293,100,000 ₮","1,000,000 ₮",О. Б***Р,09:19:30
537,"292,100,000 ₮","1,000,000 ₮",Б. А***К,09:19:29
536,"291,100,000 ₮","50,000 ₮",Ж. Б***Ү,09:19:29
535,"291,050,000 ₮","50,000 ₮",Д. О***Р,09:19:27
534,"291,000,000 ₮","1,000,000 ₮",О. Б***Р,09:19:26
533,"290,000,000 ₮","50,000 ₮",Х. Ц***А,09:19:25
532,"289,950,000 ₮","50,000 ₮",Ч. Б***Т,09:19:22
531,"289,900,000 ₮","1,000,000 ₮",О. Б***Р,09:19:20
530,"288,900,000 ₮","50,000 ₮",Х. Ц***А,09:19:17
529,"288,850,000 ₮","1,000,000 ₮",О. Б***Р,09:19:13
528,"287,850,000 ₮","50,000 ₮",Х. Ц***А,09:19:12
527,"287,800,000 ₮","500,000 ₮",Ё. Х***Р,09:19:09
526,"287,300,000 ₮","1,000,000 ₮",М. Б***Н,09:19:08
525,"286,300,000 ₮","1,000,000 ₮",О. Б***Р,09:19:08
524,"285,300,000 ₮","50,000 ₮",Х. Ц***А,09:19:06
523,"285,250,000 ₮","1,000,000 ₮",О. Б***Р,09:19:05
522,"284,250,000 ₮","1,000,000 ₮",М. Б***Н,09:19:03
521,"283,250,000 ₮","50,000 ₮",Х. Ц***А,09:19:01
520,"283,200,000 ₮","1,000,000 ₮",О. Б***Р,09:18:59
519,"282,200,000 ₮","1,000,000 ₮",М. Б***Н,09:18:58
518,"281,200,000 ₮","1,000,000 ₮",Б. С***Н,09:18:58
517,"280,200,000 ₮","50,000 ₮",Х. Ц***А,09:18:57
516,"280,150,000 ₮","1,000,000 ₮",О. Б***Р,09:18:57
515,"279,150,000 ₮","1,000,000 ₮",Ж. Б***Ү,09:18:55
514,"278,150,000 ₮","1,000,000 ₮",О. Б***Р,09:18:55
513,"277,150,000 ₮","1,000,000 ₮",М. Б***Н,09:18:54
512,"276,150,000 ₮","1,000,000 ₮",О. Б***Р,09:18:53
511,"275,150,000 ₮","50,000 ₮",Х. Ц***А,09:18:51
510,"275,100,000 ₮","50,000 ₮",Д. О***Р,09:18:51
509,"275,050,000 ₮","1,000,000 ₮",О. Б***Р,09:18:49
508,"274,050,000 ₮","1,000,000 ₮",М. Б***Н,09:18:49
507,"273,050,000 ₮","1,000,000 ₮",О. Б***Р,09:18:47
506,"272,050,000 ₮","300,000 ₮",Х. Ц***А,09:18:46
505,"271,750,000 ₮","1,000,000 ₮",М. Б***Н,09:18:45
504,"270,750,000 ₮","1,000,000 ₮",О. Б***Р,09:18:36
503,"269,750,000 ₮","300,000 ₮",Х. Ц***А,09:18:35
502,"269,450,000 ₮","1,000,000 ₮",О. Б***Р,09:18:33
501,"268,450,000 ₮","1,000,000 ₮",М. Б***Н,09:18:32
500,"267,450,000 ₮","1,000,000 ₮",О. Б***Р,09:18:31
499,"266,450,000 ₮","50,000 ₮",Х. Ц***А,09:18:28
498,"266,400,000 ₮","1,000,000 ₮",О. Б***Р,09:18:27
497,"265,400,000 ₮","1,000,000 ₮",М. Б***Н,09:18:24
496,"264,400,000 ₮","50,000 ₮",Х. Ц***А,09:18:23
495,"264,350,000 ₮","1,000,000 ₮",О. Б***Р,09:18:19
494,"263,350,000 ₮","50,000 ₮",Х. Ц***А,09:18:18
493,"263,300,000 ₮","1,000,000 ₮",М. Б***Н,09:18:16
492,"262,300,000 ₮","1,000,000 ₮",О. Б***Р,09:18:15
491,"261,300,000 ₮","50,000 ₮",Х. Ц***А,09:18:11
490,"261,250,000 ₮","1,000,000 ₮",О. Б***Р,09:18:10
489,"260,250,000 ₮","50,000 ₮",Ц. О***Л,09:18:10
488,"260,200,000 ₮","1,000,000 ₮",О. Б***Р,09:18:08
487,"259,200,000 ₮","1,000,000 ₮",Б. А***К,09:18:06
486,"258,200,000 ₮","50,000 ₮",Х. Ц***А,09:18:05
485,"258,150,000 ₮","1,000,000 ₮",О. Б***Р,09:18:01
484,"257,150,000 ₮","50,000 ₮",Х. Ц***А,09:18:01
483,"257,100,000 ₮","500,000 ₮",Э. Э***Р,09:18:00
482,"256,600,000 ₮","1,000,000 ₮",М. Б***Н,09:17:56
481,"255,600,000 ₮","1,000,000 ₮",О. Б***Р,09:17:56
480,"254,600,000 ₮","50,000 ₮",Х. Ц***А,09:17:53
479,"254,550,000 ₮","1,000,000 ₮",О. Б***Р,09:17:51
478,"253,550,000 ₮","50,000 ₮",Х. Ц***А,09:17:44
477,"253,500,000 ₮","1,000,000 ₮",О. Б***Р,09:17:43
476,"252,500,000 ₮","1,000,000 ₮",М. Б***Н,09:17:42
475,"251,500,000 ₮","50,000 ₮",Х. Ц***А,09:17:38
474,"251,450,000 ₮","1,000,000 ₮",О. Б***Р,09:17:36
473,"250,450,000 ₮","50,000 ₮",Ч. Б***Т,09:17:36
472,"250,400,000 ₮","50,000 ₮",Х. Ц***А,09:17:29
471,"250,350,000 ₮","1,000,000 ₮",О. Б***Р,09:17:28
470,"249,350,000 ₮","1,000,000 ₮",М. Б***Н,09:17:27
469,"248,350,000 ₮","50,000 ₮",Ж. А***Г,09:17:26
468,"248,300,000 ₮","1,000,000 ₮",О. Б***Р,09:17:22
467,"247,300,000 ₮","100,000 ₮",Х. Ц***А,09:17:19
466,"247,200,000 ₮","50,000 ₮",Д. О***Р,09:17:18
465,"247,150,000 ₮","1,000,000 ₮",О. Б***Р,09:17:14
464,"246,150,000 ₮","50,000 ₮",Х. Ц***А,09:17:05
463,"246,100,000 ₮","50,000 ₮",Ч. Б***Т,09:17:02
462,"246,050,000 ₮","50,000 ₮",Х. Ц***А,09:16:52
461,"246,000,000 ₮","50,000 ₮",Д. Э***Л,09:16:46
460,"245,950,000 ₮","50,000 ₮",Х. Ц***А,09:16:45
459,"245,900,000 ₮","100,000 ₮",А. Ө***Л,09:16:41
458,"245,800,000 ₮","50,000 ₮",Х. Ц***А,09:16:24
457,"245,750,000 ₮","1,000,000 ₮",Б. С***Н,09:16:23
456,"244,750,000 ₮","500,000 ₮",Л. П***Н,09:16:19
455,"244,250,000 ₮","50,000 ₮",Х. Ц***А,09:16:19
454,"244,200,000 ₮","1,000,000 ₮",С. Г***Р,09:16:15
453,"243,200,000 ₮","50,000 ₮",Х. Ц***А,09:16:04
452,"243,150,000 ₮","1,000,000 ₮",Ч. Б***Т,09:15:58
451,"242,150,000 ₮","1,000,000 ₮",О. Б***Р,09:15:58
450,"241,150,000 ₮","1,000,000 ₮",Ч. Б***Т,09:15:57
449,"240,150,000 ₮","50,000 ₮",Д. О***Р,09:15:57
448,"240,100,000 ₮","1,000,000 ₮",Х. Ц***А,09:15:53
447,"239,100,000 ₮","1,000,000 ₮",О. Б***Р,09:15:53
446,"238,100,000 ₮","1,000,000 ₮",Г. Д***М,09:15:50
445,"237,100,000 ₮","50,000 ₮",Х. Ц***А,09:15:50
444,"237,050,000 ₮","1,000,000 ₮",О. Б***Р,09:15:47
443,"236,050,000 ₮","1,000,000 ₮",М. Б***Н,09:15:46
442,"235,050,000 ₮","50,000 ₮",Х. Ц***А,09:15:45
441,"235,000,000 ₮","1,000,000 ₮",Х. Б***Р,09:15:44
440,"234,000,000 ₮","1,000,000 ₮",О. Б***Р,09:15:42
439,"233,000,000 ₮","50,000 ₮",Х. Ц***А,09:15:41
438,"232,950,000 ₮","1,000,000 ₮",Х. Б***Р,09:15:38
437,"231,950,000 ₮","1,000,000 ₮",Б. С***Н,09:15:37
436,"230,950,000 ₮","1,000,000 ₮",Х. Б***Р,09:15:35
435,"229,950,000 ₮","1,000,000 ₮",О. Б***Р,09:15:35
434,"228,950,000 ₮","1,000,000 ₮",С. Г***Р,09:15:34
433,"227,950,000 ₮","1,000,000 ₮",Х. Б***Р,09:15:33
432,"226,950,000 ₮","500,000 ₮",Х. Ц***А,09:15:32
431,"226,450,000 ₮","1,000,000 ₮",Х. Б***Р,09:15:31
430,"225,450,000 ₮","50,000 ₮",Ч. Б***Т,09:15:31
429,"225,400,000 ₮","1,000,000 ₮",О. Б***Р,09:15:29
428,"224,400,000 ₮","1,000,000 ₮",Б. С***Н,09:15:28
427,"223,400,000 ₮","1,000,000 ₮",Х. Б***Р,09:15:28
426,"222,400,000 ₮","500,000 ₮",Х. Ц***А,09:15:26
425,"221,900,000 ₮","50,000 ₮",Б. А***К,09:15:26
424,"221,850,000 ₮","1,000,000 ₮",Х. Б***Р,09:15:26
423,"220,850,000 ₮","1,000,000 ₮",О. Б***Р,09:15:24
422,"219,850,000 ₮","1,000,000 ₮",Х. Б***Р,09:15:23
421,"218,850,000 ₮","50,000 ₮",Х. Ц***А,09:15:21
420,"218,800,000 ₮","1,000,000 ₮",Б. С***Н,09:15:19
419,"217,800,000 ₮","1,000,000 ₮",О. Б***Р,09:15:18
418,"216,800,000 ₮","50,000 ₮",Х. Ц***А,09:15:14
417,"216,750,000 ₮","1,000,000 ₮",Х. Б***Р,09:15:13
416,"215,750,000 ₮","50,000 ₮",Х. Ц***А,09:15:12
415,"215,700,000 ₮","1,000,000 ₮",О. Б***Р,09:15:11
414,"214,700,000 ₮","50,000 ₮",Х. Ц***А,09:15:09
413,"214,650,000 ₮","1,000,000 ₮",Б. С***Н,09:15:08
412,"213,650,000 ₮","50,000 ₮",Д. О***Р,09:15:07
411,"213,600,000 ₮","50,000 ₮",Х. Ц***А,09:15:06
410,"213,550,000 ₮","1,000,000 ₮",О. Б***Р,09:15:04
409,"212,550,000 ₮","50,000 ₮",Ч. Б***Т,09:15:03
408,"212,500,000 ₮","1,000,000 ₮",Х. Б***Р,09:15:01
407,"211,500,000 ₮","1,000,000 ₮",О. Б***Р,09:15:00
406,"210,500,000 ₮","50,000 ₮",Х. Ц***А,09:15:00
405,"210,450,000 ₮","1,000,000 ₮",Б. С***Н,09:14:58
404,"209,450,000 ₮","50,000 ₮",С. Г***Р,09:14:58
403,"209,400,000 ₮","1,000,000 ₮",О. Б***Р,09:14:57
402,"208,400,000 ₮","1,000,000 ₮",Х. Б***Р,09:14:56
401,"207,400,000 ₮","50,000 ₮",Х. Ц***А,09:14:54
400,"207,350,000 ₮","50,000 ₮",Г. У***Т,09:14:53
399,"207,300,000 ₮","1,000,000 ₮",О. Б***Р,09:14:52
398,"206,300,000 ₮","50,000 ₮",З. О***Т,09:14:51
397,"206,250,000 ₮","1,000,000 ₮",Б. С***Н,09:14:49
396,"205,250,000 ₮","50,000 ₮",Х. Ц***А,09:14:48
395,"205,200,000 ₮","1,000,000 ₮",О. Б***Р,09:14:46
394,"204,200,000 ₮","50,000 ₮",Д. О***Р,09:14:44
393,"204,150,000 ₮","50,000 ₮",С. Г***Р,09:14:44
392,"204,100,000 ₮","50,000 ₮",Х. Ц***А,09:14:42
391,"204,050,000 ₮","1,000,000 ₮",О. Б***Р,09:14:39
390,"203,050,000 ₮","50,000 ₮",Д. О***Р,09:14:38
389,"203,000,000 ₮","50,000 ₮",Х. Ц***А,09:14:37
388,"202,950,000 ₮","1,000,000 ₮",О. Б***Р,09:14:36
387,"201,950,000 ₮","1,000,000 ₮",М. Б***Н,09:14:35
386,"200,950,000 ₮","1,000,000 ₮",Б. С***Н,09:14:31
385,"199,950,000 ₮","50,000 ₮",Х. Ц***А,09:14:31
384,"199,900,000 ₮","1,000,000 ₮",О. Б***Р,09:14:31
383,"198,900,000 ₮","50,000 ₮",Д. О***Р,09:14:31
382,"198,850,000 ₮","50,000 ₮",Ч. Б***Т,09:14:29
381,"198,800,000 ₮","50,000 ₮",Б. А***К,09:14:28
380,"198,750,000 ₮","1,000,000 ₮",Ж. Б***Ү,09:14:27
379,"197,750,000 ₮","50,000 ₮",Д. О***Р,09:14:25
378,"197,700,000 ₮","50,000 ₮",Х. Ц***А,09:14:25
377,"197,650,000 ₮","1,000,000 ₮",М. Б***Н,09:14:24
376,"196,650,000 ₮","1,000,000 ₮",С. Г***Р,09:14:22
375,"195,650,000 ₮","50,000 ₮",Д. О***Р,09:14:21
374,"195,600,000 ₮","50,000 ₮",Х. Ц***А,09:14:17
373,"195,550,000 ₮","1,000,000 ₮",Б. С***Н,09:14:13
372,"194,550,000 ₮","50,000 ₮",С. Г***Р,09:14:12
371,"194,500,000 ₮","50,000 ₮",Х. Ц***А,09:14:06
370,"194,450,000 ₮","1,000,000 ₮",Д. Б***Р,09:14:02
369,"193,450,000 ₮","50,000 ₮",Х. Ц***А,09:13:55
368,"193,400,000 ₮","50,000 ₮",Д. Б***Р,09:13:55
367,"193,350,000 ₮","1,000,000 ₮",М. Б***Н,09:13:51
366,"192,350,000 ₮","50,000 ₮",Х. Ц***А,09:13:50
365,"192,300,000 ₮","50,000 ₮",С. Г***Р,09:13:50
364,"192,250,000 ₮","50,000 ₮",Ч. Б***Т,09:13:49
363,"192,200,000 ₮","50,000 ₮",Х. Ц***А,09:13:28
362,"192,150,000 ₮","50,000 ₮",Ч. Б***Т,09:13:25
361,"192,100,000 ₮","50,000 ₮",Х. Ц***А,09:13:23
360,"192,050,000 ₮","50,000 ₮",Д. О***Р,09:13:22
359,"192,000,000 ₮","50,000 ₮",Ц. Б***Ж,09:13:21
358,"191,950,000 ₮","50,000 ₮",Х. Ц***А,09:13:19
357,"191,900,000 ₮","100,000 ₮",С. Г***Р,09:13:19
356,"191,800,000 ₮","50,000 ₮",Д. О***Р,09:13:17
355,"191,750,000 ₮","50,000 ₮",Х. Ц***А,09:13:15
354,"191,700,000 ₮","50,000 ₮",Д. О***Р,09:13:13
353,"191,650,000 ₮","50,000 ₮",Ж. Э***Д,09:13:01
352,"191,600,000 ₮","50,000 ₮",Х. Ц***А,09:13:01
351,"191,550,000 ₮","1,000,000 ₮",Я. Б***Ж,09:12:58
350,"190,550,000 ₮","50,000 ₮",С. Г***Р,09:12:57
349,"190,500,000 ₮","50,000 ₮",Х. Ц***А,09:12:55
348,"190,450,000 ₮","100,000 ₮",Ж. Э***Д,09:12:50
347,"190,350,000 ₮","1,000,000 ₮",О. Б***Р,09:12:48
346,"189,350,000 ₮","50,000 ₮",С. Г***Р,09:12:42
345,"189,300,000 ₮","1,000,000 ₮",О. Б***Р,09:12:41
344,"188,300,000 ₮","50,000 ₮",З. О***Р,09:12:41
343,"188,250,000 ₮","1,000,000 ₮",Х. Ц***А,09:12:41
342,"187,250,000 ₮","300,000 ₮",Ж. Э***Д,09:12:38
341,"186,950,000 ₮","1,000,000 ₮",О. Б***Р,09:12:29
340,"185,950,000 ₮","1,000,000 ₮",Ж. Э***Д,09:12:26
339,"184,950,000 ₮","1,000,000 ₮",О. Б***Р,09:12:17
338,"183,950,000 ₮","1,000,000 ₮",Ч. Б***Т,09:12:16
337,"182,950,000 ₮","50,000 ₮",С. Г***Р,09:12:16
336,"182,900,000 ₮","1,000,000 ₮",Ж. Э***Д,09:12:14
335,"181,900,000 ₮","1,000,000 ₮",О. Б***Р,09:12:08
334,"180,900,000 ₮","50,000 ₮",Х. Ц***А,09:12:01
333,"180,850,000 ₮","1,000,000 ₮",О. Б***Р,09:12:00
332,"179,850,000 ₮","300,000 ₮",О. Д***Н,09:11:41
331,"179,550,000 ₮","50,000 ₮",Д. О***Р,09:11:31
330,"179,500,000 ₮","1,000,000 ₮",Ж. Б***Ү,09:11:26
329,"178,500,000 ₮","50,000 ₮",Х. Ц***А,09:11:25
328,"178,450,000 ₮","1,000,000 ₮",Ч. Б***Т,09:11:20
327,"177,450,000 ₮","50,000 ₮",Х. Ц***А,09:11:13
326,"177,400,000 ₮","100,000 ₮",С. Г***Р,09:11:05
325,"177,300,000 ₮","50,000 ₮",О. Д***Н,09:11:03
324,"177,250,000 ₮","500,000 ₮",Х. Ц***А,09:11:00
323,"176,750,000 ₮","50,000 ₮",Д. О***Р,09:10:59
322,"176,700,000 ₮","50,000 ₮",Д. Б***Р,09:10:50
321,"176,650,000 ₮","50,000 ₮",Г. Э***Г,09:10:42
320,"176,600,000 ₮","500,000 ₮",О. Б***Р,09:10:41
319,"176,100,000 ₮","300,000 ₮",Ц. Б***Ж,09:10:34
318,"175,800,000 ₮","1,000,000 ₮",О. Б***Р,09:10:27
317,"174,800,000 ₮","500,000 ₮",Х. Ц***А,09:10:25
316,"174,300,000 ₮","100,000 ₮",Р. А***А,09:10:23
315,"174,200,000 ₮","1,000,000 ₮",О. Б***Р,09:10:11
314,"173,200,000 ₮","300,000 ₮",С. Г***Р,09:10:11
313,"172,900,000 ₮","300,000 ₮",Я. Б***Ж,09:10:11
312,"172,600,000 ₮","1,000,000 ₮",Ч. Б***Т,09:10:10
311,"171,600,000 ₮","1,000,000 ₮",Г. Э***Г,09:10:03
310,"170,600,000 ₮","1,000,000 ₮",О. Б***Р,09:10:03
309,"169,600,000 ₮","50,000 ₮",С. Г***Р,09:10:00
308,"169,550,000 ₮","1,000,000 ₮",О. Б***Р,09:09:55
307,"168,550,000 ₮","50,000 ₮",Б. Б***Р,09:09:55
306,"168,500,000 ₮","1,000,000 ₮",Ж. Э***Д,09:09:50
305,"167,500,000 ₮","50,000 ₮",О. Д***Н,09:09:49
304,"167,450,000 ₮","1,000,000 ₮",О. Б***Р,09:09:45
303,"166,450,000 ₮","50,000 ₮",С. Г***Р,09:09:41
302,"166,400,000 ₮","1,000,000 ₮",О. Б***Р,09:09:40
301,"165,400,000 ₮","1,000,000 ₮",Х. Ц***А,09:09:38
300,"164,400,000 ₮","50,000 ₮",С. Э***Л,09:09:22
299,"164,350,000 ₮","50,000 ₮",Э. Э***Р,09:09:19
298,"164,300,000 ₮","50,000 ₮",Д. О***Р,09:09:16
297,"164,250,000 ₮","50,000 ₮",Д. М***Н,09:09:12
296,"164,200,000 ₮","500,000 ₮",О. Б***Р,09:09:04
295,"163,700,000 ₮","50,000 ₮",Д. О***Р,09:08:57
294,"163,650,000 ₮","500,000 ₮",О. Б***Р,09:08:56
293,"163,150,000 ₮","1,000,000 ₮",Х. Ц***А,09:08:51
292,"162,150,000 ₮","50,000 ₮",О. Д***Н,09:08:50
291,"162,100,000 ₮","50,000 ₮",Д. О***Р,09:08:50
290,"162,050,000 ₮","50,000 ₮",З. О***Р,09:08:45
289,"162,000,000 ₮","50,000 ₮",Л. Н***Й,09:08:34
288,"161,950,000 ₮","50,000 ₮",М. А***Р,09:08:25
287,"161,900,000 ₮","500,000 ₮",Г. Э***Г,09:08:23
286,"161,400,000 ₮","1,000,000 ₮",Х. Ц***А,09:08:14
285,"160,400,000 ₮","100,000 ₮",Д. М***Н,09:08:03
284,"160,300,000 ₮","50,000 ₮",Д. О***Р,09:08:02
283,"160,250,000 ₮","1,000,000 ₮",Ч. Б***Т,09:08:02
282,"159,250,000 ₮","100,000 ₮",М. А***Р,09:07:56
281,"159,150,000 ₮","50,000 ₮",Г. Э***Г,09:07:51
280,"159,100,000 ₮","50,000 ₮",Б. М***Э,09:07:47
279,"159,050,000 ₮","100,000 ₮",О. Б***Р,09:07:44
278,"158,950,000 ₮","50,000 ₮",Г. Г***Т,09:07:38
277,"158,900,000 ₮","1,000,000 ₮",Д. Б***Р,09:07:37
276,"157,900,000 ₮","500,000 ₮",И. Б***В,09:07:36
275,"157,400,000 ₮","50,000 ₮",О. Д***Н,09:07:36
274,"157,350,000 ₮","300,000 ₮",Ж. Б***Ү,09:07:32
273,"157,050,000 ₮","50,000 ₮",Д. О***Р,09:07:29
272,"157,000,000 ₮","50,000 ₮",Ц. Ө***Р,09:07:27
271,"156,950,000 ₮","50,000 ₮",А. Б***Н,09:07:23
270,"156,900,000 ₮","500,000 ₮",Х. Ц***А,09:07:22
269,"156,400,000 ₮","1,000,000 ₮",Ж. Э***Д,09:07:12
268,"155,400,000 ₮","500,000 ₮",Г. У***Т,09:07:11
267,"154,900,000 ₮","50,000 ₮",Д. О***Р,09:07:09
266,"154,850,000 ₮","500,000 ₮",Г. Ш***Г,09:07:01
265,"154,350,000 ₮","300,000 ₮",Х. Ц***А,09:07:01
264,"154,050,000 ₮","50,000 ₮",М. Х***Н,09:06:51
263,"154,000,000 ₮","100,000 ₮",Д. М***Н,09:06:51
262,"153,900,000 ₮","1,000,000 ₮",С. С***Н,09:06:50
261,"152,900,000 ₮","1,000,000 ₮",Ж. Э***Д,09:06:50
260,"151,900,000 ₮","500,000 ₮",Х. Ц***А,09:06:43
259,"151,400,000 ₮","1,000,000 ₮",Ж. Э***Д,09:06:38
258,"150,400,000 ₮","1,000,000 ₮",Д. Б***Р,09:06:37
257,"149,400,000 ₮","500,000 ₮",Х. Ц***А,09:06:23
256,"148,900,000 ₮","1,000,000 ₮",Ч. Б***Т,09:06:18
255,"147,900,000 ₮","100,000 ₮",А. Ө***Л,09:06:16
254,"147,800,000 ₮","50,000 ₮",Ц. О***Л,09:06:13
253,"147,750,000 ₮","500,000 ₮",Г. Ш***Г,09:06:12
252,"147,250,000 ₮","1,000,000 ₮",Д. Т***Г,09:06:11
251,"146,250,000 ₮","50,000 ₮",Н. Т***Л,09:06:07
250,"146,200,000 ₮","50,000 ₮",Б. М***Х,09:06:07
249,"146,150,000 ₮","50,000 ₮",О. Д***Н,09:06:03
248,"146,100,000 ₮","500,000 ₮",Г. А***А,09:05:55
247,"145,600,000 ₮","300,000 ₮",Э. Э***Р,09:05:52
246,"145,300,000 ₮","500,000 ₮",Х. Ц***А,09:05:43
245,"144,800,000 ₮","300,000 ₮",Д. Э***Л,09:05:43
244,"144,500,000 ₮","100,000 ₮",А. Ө***Л,09:05:42
243,"144,400,000 ₮","50,000 ₮",Т. У***Р,09:05:41
242,"144,350,000 ₮","1,000,000 ₮",Ц. О***Л,09:05:37
241,"143,350,000 ₮","500,000 ₮",Д. Э***Л,09:05:28
240,"142,850,000 ₮","50,000 ₮",О. Д***Н,09:05:26
239,"142,800,000 ₮","500,000 ₮",Д. Э***Л,09:05:25
238,"142,300,000 ₮","500,000 ₮",Х. Ц***А,09:05:25
237,"141,800,000 ₮","50,000 ₮",Ж. Б***Ү,09:05:24
236,"141,750,000 ₮","500,000 ₮",Д. Э***Л,09:05:24
235,"141,250,000 ₮","500,000 ₮",Х. Ц***А,09:05:23
234,"140,750,000 ₮","1,000,000 ₮",Д. Л***Н,09:05:18
233,"139,750,000 ₮","50,000 ₮",Ч. Б***Т,09:05:13
232,"139,700,000 ₮","1,000,000 ₮",Д. Э***Л,09:05:08
231,"138,700,000 ₮","1,000,000 ₮",Х. Ц***А,09:05:07
230,"137,700,000 ₮","50,000 ₮",Р. Т***Н,09:05:04
229,"137,650,000 ₮","300,000 ₮",Д. Б***Р,09:05:02
228,"137,350,000 ₮","1,000,000 ₮",Х. Ц***А,09:05:00
227,"136,350,000 ₮","1,000,000 ₮",Г. А***А,09:04:50
226,"135,350,000 ₮","100,000 ₮",М. А***Р,09:04:45
225,"135,250,000 ₮","50,000 ₮",Э. Б***Л,09:04:40
224,"135,200,000 ₮","50,000 ₮",Ж. Э***Д,09:04:38
223,"135,150,000 ₮","50,000 ₮",Д. О***Р,09:04:35
222,"135,100,000 ₮","1,000,000 ₮",Х. Ц***А,09:04:32
221,"134,100,000 ₮","300,000 ₮",О. Б***Р,09:04:29
220,"133,800,000 ₮","50,000 ₮",А. М***Г,09:04:27
219,"133,750,000 ₮","50,000 ₮",Д. О***Р,09:04:21
218,"133,700,000 ₮","100,000 ₮",Э. Э***Р,09:04:20
217,"133,600,000 ₮","500,000 ₮",Г. У***Т,09:04:16
216,"133,100,000 ₮","50,000 ₮",О. Д***Н,09:04:13
215,"133,050,000 ₮","1,000,000 ₮",М. Б***Н,09:04:10
214,"132,050,000 ₮","50,000 ₮",Д. О***Р,09:04:07
213,"132,000,000 ₮","500,000 ₮",Б. Б***Л,09:04:05
212,"131,500,000 ₮","1,000,000 ₮",Д. Э***Л,09:04:03
211,"130,500,000 ₮","1,000,000 ₮",Ж. Б***Ү,09:04:02
210,"129,500,000 ₮","50,000 ₮",Д. О***Р,09:03:53
209,"129,450,000 ₮","100,000 ₮",М. А***Р,09:03:52
208,"129,350,000 ₮","300,000 ₮",Б. А***А,09:03:50
207,"129,050,000 ₮","100,000 ₮",Г. Ц***М,09:03:49
206,"128,950,000 ₮","1,000,000 ₮",Д. Э***Л,09:03:48
205,"127,950,000 ₮","100,000 ₮",Г. Ц***М,09:03:45
204,"127,850,000 ₮","50,000 ₮",Д. О***Р,09:03:45
203,"127,800,000 ₮","50,000 ₮",Ц. Б***Х,09:03:41
202,"127,750,000 ₮","100,000 ₮",Д. О***Р,09:03:37
201,"127,650,000 ₮","100,000 ₮",С. Э***Р,09:03:35
200,"127,550,000 ₮","50,000 ₮",Ж. Э***Д,09:03:35
199,"127,500,000 ₮","50,000 ₮",Ц. Б***Х,09:03:34
198,"127,450,000 ₮","1,000,000 ₮",Д. Э***Л,09:03:33
197,"126,450,000 ₮","300,000 ₮",Г. Ц***М,09:03:28
196,"126,150,000 ₮","1,000,000 ₮",Э. Ө***Р,09:03:27
195,"125,150,000 ₮","100,000 ₮",Д. О***Р,09:03:26
194,"125,050,000 ₮","1,000,000 ₮",Д. Э***Л,09:03:24
193,"124,050,000 ₮","1,000,000 ₮",Д. Б***Р,09:03:22
192,"123,050,000 ₮","1,000,000 ₮",Г. У***Т,09:03:22
191,"122,050,000 ₮","300,000 ₮",О. Д***Н,09:03:22
190,"121,750,000 ₮","300,000 ₮",Г. Ц***М,09:03:21
189,"121,450,000 ₮","1,000,000 ₮",Э. Ө***Р,09:03:18
188,"120,450,000 ₮","1,000,000 ₮",Д. Э***Л,09:03:18
187,"119,450,000 ₮","1,000,000 ₮",О. Б***Р,09:03:18
186,"118,450,000 ₮","1,000,000 ₮",Ч. Б***Т,09:03:16
185,"117,450,000 ₮","300,000 ₮",Г. Ц***М,09:03:14
184,"117,150,000 ₮","50,000 ₮",Ж. Э***Д,09:03:14
183,"117,100,000 ₮","500,000 ₮",Ж. Б***Ү,09:03:12
182,"116,600,000 ₮","1,000,000 ₮",Д. Э***Л,09:03:10
181,"115,600,000 ₮","100,000 ₮",Д. О***Р,09:03:07
180,"115,500,000 ₮","100,000 ₮",Г. Ц***М,09:03:07
179,"115,400,000 ₮","100,000 ₮",М. А***Р,09:03:03
178,"115,300,000 ₮","1,000,000 ₮",Ц. О***Л,09:03:01
177,"114,300,000 ₮","100,000 ₮",Д. О***Р,09:03:01
176,"114,200,000 ₮","1,000,000 ₮",Д. Э***Л,09:02:58
175,"113,200,000 ₮","50,000 ₮",Д. О***Н,09:02:57
174,"113,150,000 ₮","100,000 ₮",Д. О***Р,09:02:53
173,"113,050,000 ₮","1,000,000 ₮",Д. Э***Л,09:02:51
172,"112,050,000 ₮","1,000,000 ₮",Г. У***Т,09:02:48
171,"111,050,000 ₮","100,000 ₮",Д. О***Р,09:02:48
170,"110,950,000 ₮","100,000 ₮",Б. Б***Л,09:02:47
169,"110,850,000 ₮","100,000 ₮",М. А***Р,09:02:46
168,"110,750,000 ₮","100,000 ₮",Э. Э***Р,09:02:44
167,"110,650,000 ₮","500,000 ₮",Б. А***Н,09:02:44
166,"110,150,000 ₮","1,000,000 ₮",Д. Э***Л,09:02:43
165,"109,150,000 ₮","50,000 ₮",Ж. Э***Д,09:02:42
164,"109,100,000 ₮","100,000 ₮",Д. О***Р,09:02:41
163,"109,000,000 ₮","500,000 ₮",И. Б***В,09:02:40
162,"108,500,000 ₮","500,000 ₮",Г. У***Т,09:02:39
161,"108,000,000 ₮","50,000 ₮",Ж. Э***Д,09:02:39
160,"107,950,000 ₮","1,000,000 ₮",Д. Э***Л,09:02:38
159,"106,950,000 ₮","50,000 ₮",Н. О***Р,09:02:37
158,"106,900,000 ₮","50,000 ₮",О. Б***Н,09:02:36
157,"106,850,000 ₮","50,000 ₮",Ж. Э***Д,09:02:35
156,"106,800,000 ₮","300,000 ₮",Г. У***Т,09:02:35
155,"106,500,000 ₮","100,000 ₮",Д. О***Р,09:02:33
154,"106,400,000 ₮","500,000 ₮",Б. А***Н,09:02:32
153,"105,900,000 ₮","50,000 ₮",Ц. Б***Х,09:02:28
152,"105,850,000 ₮","500,000 ₮",Б. А***Н,09:02:27
151,"105,350,000 ₮","50,000 ₮",О. Б***Р,09:02:24
150,"105,300,000 ₮","500,000 ₮",Б. А***Н,09:02:24
149,"104,800,000 ₮","100,000 ₮",Д. О***Р,09:02:22
148,"104,700,000 ₮","100,000 ₮",М. А***Р,09:02:21
147,"104,600,000 ₮","1,000,000 ₮",Д. Э***Л,09:02:15
146,"103,600,000 ₮","1,000,000 ₮",А. М***Р,09:02:15
145,"102,600,000 ₮","500,000 ₮",Д. Т***Г,09:02:15
144,"102,100,000 ₮","500,000 ₮",Б. А***Н,09:02:12
143,"101,600,000 ₮","1,000,000 ₮",Э. Э***Р,09:02:10
142,"100,600,000 ₮","100,000 ₮",Б. А***А,09:02:10
141,"100,500,000 ₮","100,000 ₮",Ч. Б***Т,09:02:08
140,"100,400,000 ₮","1,000,000 ₮",Д. О***Р,09:02:07
139,"99,400,000 ₮","500,000 ₮",Б. А***Н,09:02:03
138,"98,900,000 ₮","1,000,000 ₮",Д. Э***Л,09:02:03
137,"97,900,000 ₮","1,000,000 ₮",Ц. О***Л,09:02:03
136,"96,900,000 ₮","100,000 ₮",М. А***Р,09:01:59
135,"96,800,000 ₮","50,000 ₮",Ж. Э***Д,09:01:59
134,"96,750,000 ₮","100,000 ₮",М. А***Р,09:01:59
133,"96,650,000 ₮","1,000,000 ₮",Ц. О***Л,09:01:58
132,"95,650,000 ₮","500,000 ₮",Б. А***Н,09:01:56
131,"95,150,000 ₮","1,000,000 ₮",Д. Э***Л,09:01:53
130,"94,150,000 ₮","1,000,000 ₮",Э. Э***Р,09:01:52
129,"93,150,000 ₮","500,000 ₮",Б. А***Н,09:01:51
128,"92,650,000 ₮","1,000,000 ₮",Д. О***Р,09:01:48
127,"91,650,000 ₮","100,000 ₮",М. А***Р,09:01:47
126,"91,550,000 ₮","1,000,000 ₮",Д. Э***Л,09:01:46
125,"90,550,000 ₮","1,000,000 ₮",Б. А***Н,09:01:45
124,"89,550,000 ₮","1,000,000 ₮",Ц. О***Л,09:01:42
123,"88,550,000 ₮","1,000,000 ₮",Б. А***Н,09:01:41
122,"87,550,000 ₮","1,000,000 ₮",Д. Э***Л,09:01:40
121,"86,550,000 ₮","1,000,000 ₮",Д. О***Р,09:01:40
120,"85,550,000 ₮","50,000 ₮",А. М***Х,09:01:39
119,"85,500,000 ₮","1,000,000 ₮",Д. Э***Л,09:01:38
118,"84,500,000 ₮","50,000 ₮",А. Б***А,09:01:37
117,"84,450,000 ₮","1,000,000 ₮",Б. А***Н,09:01:36
116,"83,450,000 ₮","50,000 ₮",Ч. Б***Т,09:01:35
115,"83,400,000 ₮","500,000 ₮",Д. Т***Г,09:01:35
114,"82,900,000 ₮","1,000,000 ₮",Д. О***Н,09:01:33
113,"81,900,000 ₮","1,000,000 ₮",Д. Э***Л,09:01:32
112,"80,900,000 ₮","500,000 ₮",Ц. Б***Х,09:01:31
111,"80,400,000 ₮","100,000 ₮",Д. О***Р,09:01:30
110,"80,300,000 ₮","500,000 ₮",А. М***Р,09:01:28
109,"79,800,000 ₮","1,000,000 ₮",Б. А***Н,09:01:28
108,"78,800,000 ₮","1,000,000 ₮",Э. Ө***Р,09:01:22
107,"77,800,000 ₮","1,000,000 ₮",Д. Э***Л,09:01:18
106,"76,800,000 ₮","100,000 ₮",П. Ц***Х,09:01:18
105,"76,700,000 ₮","1,000,000 ₮",Г. Т***Л,09:01:18
104,"75,700,000 ₮","300,000 ₮",Д. О***Н,09:01:16
103,"75,400,000 ₮","1,000,000 ₮",Ж. Б***Ү,09:01:16
102,"74,400,000 ₮","1,000,000 ₮",Б. А***Н,09:01:15
101,"73,400,000 ₮","1,000,000 ₮",Т. Т***Х,09:01:14
100,"72,400,000 ₮","300,000 ₮",Д. О***Н,09:01:14
99,"72,100,000 ₮","1,000,000 ₮",Д. Э***Л,09:01:12
98,"71,100,000 ₮","300,000 ₮",Д. О***Н,09:01:10
97,"70,800,000 ₮","1,000,000 ₮",Ц. Б***Х,09:01:10
96,"69,800,000 ₮","100,000 ₮",Д. О***Р,09:01:09
95,"69,700,000 ₮","100,000 ₮",Д. О***Н,09:01:09
94,"69,600,000 ₮","1,000,000 ₮",Ж. Д***Н,09:01:07
93,"68,600,000 ₮","500,000 ₮",Б. А***А,09:01:06
92,"68,100,000 ₮","1,000,000 ₮",Д. Э***Л,09:01:05
91,"67,100,000 ₮","1,000,000 ₮",Э. Ө***Р,09:01:04
90,"66,100,000 ₮","1,000,000 ₮",Б. А***Н,09:01:03
89,"65,100,000 ₮","500,000 ₮",Ц. Б***Х,09:01:00
88,"64,600,000 ₮","1,000,000 ₮",Б. А***Н,09:01:00
87,"63,600,000 ₮","1,000,000 ₮",Э. Э***Р,09:01:00
86,"62,600,000 ₮","1,000,000 ₮",Д. Э***Л,09:00:58
85,"61,600,000 ₮","1,000,000 ₮",Б. А***Н,09:00:58
84,"60,600,000 ₮","1,000,000 ₮",Э. Ө***Р,09:00:55
83,"59,600,000 ₮","1,000,000 ₮",Б. А***Н,09:00:55
82,"58,600,000 ₮","500,000 ₮",Я. Б***Ж,09:00:55
81,"58,100,000 ₮","1,000,000 ₮",Б. А***Н,09:00:54
80,"57,100,000 ₮","500,000 ₮",Ц. Б***Х,09:00:54
79,"56,600,000 ₮","100,000 ₮",Н. Б***Л,09:00:52
78,"56,500,000 ₮","1,000,000 ₮",Б. А***Н,09:00:52
77,"55,500,000 ₮","50,000 ₮",Д. О***Н,09:00:51
76,"55,450,000 ₮","1,000,000 ₮",Д. Б***Р,09:00:51
75,"54,450,000 ₮","100,000 ₮",М. А***Р,09:00:50
74,"54,350,000 ₮","1,000,000 ₮",Б. А***Н,09:00:49
73,"53,350,000 ₮","50,000 ₮",Д. О***Н,09:00:49
72,"53,300,000 ₮","1,000,000 ₮",Д. Э***Л,09:00:48
71,"52,300,000 ₮","1,000,000 ₮",Х. Э***Э,09:00:48
70,"51,300,000 ₮","50,000 ₮",Г. Д***М,09:00:47
69,"51,250,000 ₮","1,000,000 ₮",Б. А***Н,09:00:46
68,"50,250,000 ₮","1,000,000 ₮",Ц. Б***Х,09:00:46
67,"49,250,000 ₮","1,000,000 ₮",Э. Ц***Х,09:00:45
66,"48,250,000 ₮","1,000,000 ₮",Э. Э***Р,09:00:45
65,"47,250,000 ₮","500,000 ₮",Х. Э***Э,09:00:43
64,"46,750,000 ₮","1,000,000 ₮",Б. А***Н,09:00:41
63,"45,750,000 ₮","1,000,000 ₮",Э. Ө***Р,09:00:41
62,"44,750,000 ₮","500,000 ₮",А. М***Р,09:00:39
61,"44,250,000 ₮","1,000,000 ₮",Т. Т***Х,09:00:39
60,"43,250,000 ₮","1,000,000 ₮",Ц. Б***Х,09:00:39
59,"42,250,000 ₮","1,000,000 ₮",Б. А***Н,09:00:38
58,"41,250,000 ₮","500,000 ₮",А. М***Р,09:00:38
57,"40,750,000 ₮","1,000,000 ₮",М. Б***Н,09:00:38
56,"39,750,000 ₮","1,000,000 ₮",Э. Э***Р,09:00:38
55,"38,750,000 ₮","50,000 ₮",Г. Д***М,09:00:37
54,"38,700,000 ₮","1,000,000 ₮",Д. Т***Г,09:00:36
53,"37,700,000 ₮","1,000,000 ₮",Э. Ө***Р,09:00:35
52,"36,700,000 ₮","1,000,000 ₮",Б. Б***Н,09:00:35
51,"35,700,000 ₮","1,000,000 ₮",Б. А***Н,09:00:35
50,"34,700,000 ₮","500,000 ₮",Э. Э***Р,09:00:34
49,"34,200,000 ₮","1,000,000 ₮",Б. А***Н,09:00:32
48,"33,200,000 ₮","50,000 ₮",А. М***Х,09:00:31
47,"33,150,000 ₮","50,000 ₮",Г. Д***М,09:00:31
46,"33,100,000 ₮","1,000,000 ₮",Э. Ө***Р,09:00:31
45,"32,100,000 ₮","1,000,000 ₮",Ц. Б***Х,09:00:30
44,"31,100,000 ₮","1,000,000 ₮",Т. Т***Х,09:00:30
43,"30,100,000 ₮","100,000 ₮",Д. Б***Р,09:00:28
42,"30,000,000 ₮","1,000,000 ₮",Б. А***Н,09:00:25
41,"29,000,000 ₮","1,000,000 ₮",Э. Ө***Р,09:00:24
40,"28,000,000 ₮","100,000 ₮",М. А***Р,09:00:24
39,"27,900,000 ₮","1,000,000 ₮",А. М***Р,09:00:24
38,"26,900,000 ₮","50,000 ₮",Г. Д***М,09:00:23
37,"26,850,000 ₮","1,000,000 ₮",Б. А***Н,09:00:23
36,"25,850,000 ₮","50,000 ₮",Н. Т***Л,09:00:23
35,"25,800,000 ₮","1,000,000 ₮",Ц. Б***Х,09:00:23
34,"24,800,000 ₮","1,000,000 ₮",Т. Б***А,09:00:22
33,"23,800,000 ₮","1,000,000 ₮",Б. А***Н,09:00:22
32,"22,800,000 ₮","100,000 ₮",Х. Э***Э,09:00:21
31,"22,700,000 ₮","1,000,000 ₮",Б. А***Н,09:00:20
30,"21,700,000 ₮","50,000 ₮",Д. Т***Г,09:00:20
29,"21,650,000 ₮","50,000 ₮",А. М***Х,09:00:20
28,"21,600,000 ₮","1,000,000 ₮",Э. Ө***Р,09:00:20
27,"20,600,000 ₮","1,000,000 ₮",Б. А***Н,09:00:19
26,"19,600,000 ₮","1,000,000 ₮",Т. Б***А,09:00:17
25,"18,600,000 ₮","1,000,000 ₮",Б. А***Н,09:00:17
24,"17,600,000 ₮","50,000 ₮",Г. Д***М,09:00:16
23,"17,550,000 ₮","1,000,000 ₮",Б. А***Н,09:00:15
22,"16,550,000 ₮","50,000 ₮",Ч. А***А,09:00:15
21,"16,500,000 ₮","1,000,000 ₮",Б. О***Р,09:00:15
20,"15,500,000 ₮","500,000 ₮",Р. Н***Р,09:00:15
19,"15,000,000 ₮","1,000,000 ₮",М. А***Р,09:00:15
18,"14,000,000 ₮","1,000,000 ₮",Б. А***Н,09:00:14
17,"13,000,000 ₮","1,000,000 ₮",Г. Г***А,09:00:13
16,"12,000,000 ₮","1,000,000 ₮",Э. Ө***Р,09:00:12
15,"11,000,000 ₮","1,000,000 ₮",Л. Г***А,09:00:12
14,"10,000,000 ₮","100,000 ₮",Ж. Б***Ү,09:00:11
13,"9,900,000 ₮","1,000,000 ₮",Э. Ө***Р,09:00:11
12,"8,900,000 ₮","1,000,000 ₮",Г. Ц***М,09:00:11
11,"7,900,000 ₮","1,000,000 ₮",Б. А***Н,09:00:11
10,"6,900,000 ₮","500,000 ₮",Т. Б***А,09:00:11
9,"6,400,000 ₮","1,000,000 ₮",Э. Ө***Р,09:00:10
8,"5,400,000 ₮","300,000 ₮",Р. Н***Р,09:00:10
7,"5,100,000 ₮","1,000,000 ₮",Э. Ө***Р,09:00:10
6,"4,100,000 ₮","50,000 ₮",Б. Б***Т,09:00:10
5,"4,050,000 ₮","1,000,000 ₮",Э. Ө***Р,09:00:10
4,"3,050,000 ₮","1,000,000 ₮",Б. А***Н,09:00:09
3,"2,050,000 ₮","1,000,000 ₮",Д. Л***Н,09:00:08
2,"1,050,000 ₮","50,000 ₮",Ц. Л***Н,09:00:08
1,"1,000,000 ₮","1,000,000 ₮",Э. Ц***Х,09:00:06