Auction Number,Price,Bid,Name,Time,Plate
957,"427,450,000 ₮","1,000,000 ₮",С. Г***Р,11:26:31,0001 УАР
956,"426,450,000 ₮","50,000 ₮",Б. Б***А,11:24:37,0001 УАР
955,"426,400,000 ₮","50,000 ₮",Н. Э***С,11:24:21,0001 УАР
954,"426,350,000 ₮","50,000 ₮",С. Г***Р,11:24:11,0001 УАР
953,"426,300,000 ₮","50,000 ₮",Б. Б***А,11:22:16,0001 УАР
952,"426,250,000 ₮","50,000 ₮",С. Г***Р,11:20:23,0001 УАР
951,"426,200,000 ₮","50,000 ₮",Б. Б***А,11:19:39,0001 УАР
950,"426,150,000 ₮","100,000 ₮",Б. Б***Н,11:17:46,0001 УАР
949,"426,050,000 ₮","50,000 ₮",С. Г***Р,11:16:09,0001 УАР
948,"426,000,000 ₮","1,000,000 ₮",Б. Б***Н,11:15:05,0001 УАР
947,"425,000,000 ₮","50,000 ₮",С. Г***Р,11:13:28,0001 УАР
946,"424,950,000 ₮","50,000 ₮",Б. Б***А,11:12:40,0001 УАР
945,"424,900,000 ₮","300,000 ₮",Б. Б***Ч,11:12:37,0001 УАР
944,"424,600,000 ₮","50,000 ₮",Б. Б***А,11:12:22,0001 УАР
943,"424,550,000 ₮","50,000 ₮",Б. Б***Ч,11:12:17,0001 УАР
942,"424,500,000 ₮","50,000 ₮",Б. Б***А,11:11:44,0001 УАР
941,"424,450,000 ₮","50,000 ₮",Д. О***Р,11:11:29,0001 УАР
940,"424,400,000 ₮","100,000 ₮",Ц. Б***Л,11:11:16,0001 УАР
939,"424,300,000 ₮","50,000 ₮",Б. Б***А,11:10:56,0001 УАР
938,"424,250,000 ₮","50,000 ₮",С. Г***Р,11:10:30,0001 УАР
937,"424,200,000 ₮","50,000 ₮",Б. Б***А,11:10:25,0001 УАР
936,"424,150,000 ₮","50,000 ₮",С. Г***Р,11:08:32,0001 УАР
935,"424,100,000 ₮","1,000,000 ₮",Ц. О***Л,11:06:44,0001 УАР
934,"423,100,000 ₮","50,000 ₮",Д. О***Р,11:06:22,0001 УАР
933,"423,050,000 ₮","50,000 ₮",С. Г***Р,11:06:17,0001 УАР
932,"423,000,000 ₮","50,000 ₮",Б. Б***А,11:06:10,0001 УАР
931,"422,950,000 ₮","50,000 ₮",С. Г***Р,11:06:04,0001 УАР
930,"422,900,000 ₮","50,000 ₮",Б. Б***А,11:05:42,0001 УАР
929,"422,850,000 ₮","50,000 ₮",С. Г***Р,11:05:37,0001 УАР
928,"422,800,000 ₮","50,000 ₮",Б. Б***А,11:05:21,0001 УАР
927,"422,750,000 ₮","50,000 ₮",С. Г***Р,11:05:16,0001 УАР
926,"422,700,000 ₮","50,000 ₮",Б. Б***А,11:05:10,0001 УАР
925,"422,650,000 ₮","50,000 ₮",С. Г***Р,11:04:54,0001 УАР
924,"422,600,000 ₮","50,000 ₮",Ц. О***Л,11:04:53,0001 УАР
923,"422,550,000 ₮","50,000 ₮",Б. Б***А,11:02:58,0001 УАР
922,"422,500,000 ₮","100,000 ₮",С. Г***Р,11:02:37,0001 УАР
921,"422,400,000 ₮","500,000 ₮",Н. Э***С,11:02:22,0001 УАР
920,"421,900,000 ₮","50,000 ₮",Б. Б***А,11:00:57,0001 УАР
919,"421,850,000 ₮","50,000 ₮",С. Г***Р,10:59:10,0001 УАР
918,"421,800,000 ₮","50,000 ₮",Т. Б***А,10:58:55,0001 УАР
917,"421,750,000 ₮","50,000 ₮",С. Г***Р,10:58:16,0001 УАР
916,"421,700,000 ₮","50,000 ₮",Д. О***Р,10:57:55,0001 УАР
915,"421,650,000 ₮","50,000 ₮",Б. Б***А,10:56:32,0001 УАР
914,"421,600,000 ₮","50,000 ₮",С. Г***Р,10:54:41,0001 УАР
913,"421,550,000 ₮","50,000 ₮",Ж. Э***Д,10:53:34,0001 УАР
912,"421,500,000 ₮","50,000 ₮",С. Г***Р,10:53:03,0001 УАР
911,"421,450,000 ₮","50,000 ₮",Ц. О***Л,10:52:44,0001 УАР
910,"421,400,000 ₮","50,000 ₮",Ц. Х***А,10:51:05,0001 УАР
909,"421,350,000 ₮","50,000 ₮",Б. Б***А,10:50:10,0001 УАР
908,"421,300,000 ₮","50,000 ₮",Д. О***Р,10:49:56,0001 УАР
907,"421,250,000 ₮","50,000 ₮",С. Г***Р,10:49:54,0001 УАР
906,"421,200,000 ₮","50,000 ₮",Б. Б***А,10:48:00,0001 УАР
905,"421,150,000 ₮","50,000 ₮",С. Г***Р,10:47:48,0001 УАР
904,"421,100,000 ₮","50,000 ₮",Б. Б***А,10:47:46,0001 УАР
903,"421,050,000 ₮","50,000 ₮",С. Г***Р,10:46:52,0001 УАР
902,"421,000,000 ₮","50,000 ₮",М. Х***Н,10:46:28,0001 УАР
901,"420,950,000 ₮","50,000 ₮",С. Г***Р,10:46:05,0001 УАР
900,"420,900,000 ₮","50,000 ₮",Ц. О***Л,10:45:48,0001 УАР
899,"420,850,000 ₮","50,000 ₮",С. Г***Р,10:45:45,0001 УАР
898,"420,800,000 ₮","50,000 ₮",Ц. О***Л,10:45:40,0001 УАР
897,"420,750,000 ₮","50,000 ₮",С. Г***Р,10:45:30,0001 УАР
896,"420,700,000 ₮","50,000 ₮",Ц. О***Л,10:45:26,0001 УАР
895,"420,650,000 ₮","50,000 ₮",С. Г***Р,10:44:39,0001 УАР
894,"420,600,000 ₮","50,000 ₮",Ц. О***Л,10:44:20,0001 УАР
893,"420,550,000 ₮","100,000 ₮",Г. А***Д,10:43:36,0001 УАР
892,"420,450,000 ₮","50,000 ₮",Д. Ц***Р,10:42:57,0001 УАР
891,"420,400,000 ₮","50,000 ₮",Д. О***Р,10:42:48,0001 УАР
890,"420,350,000 ₮","50,000 ₮",Б. Б***А,10:42:33,0001 УАР
889,"420,300,000 ₮","1,000,000 ₮",С. Г***Р,10:42:28,0001 УАР
888,"419,300,000 ₮","50,000 ₮",Б. Б***А,10:40:34,0001 УАР
887,"419,250,000 ₮","50,000 ₮",С. Г***Р,10:40:20,0001 УАР
886,"419,200,000 ₮","50,000 ₮",Б. Б***А,10:40:13,0001 УАР
885,"419,150,000 ₮","50,000 ₮",С. Г***Р,10:39:50,0001 УАР
884,"419,100,000 ₮","50,000 ₮",Б. Б***А,10:39:17,0001 УАР
883,"419,050,000 ₮","50,000 ₮",С. Г***Р,10:38:50,0001 УАР
882,"419,000,000 ₮","50,000 ₮",Б. Б***А,10:38:45,0001 УАР
881,"418,950,000 ₮","50,000 ₮",С. Г***Р,10:38:25,0001 УАР
880,"418,900,000 ₮","500,000 ₮",Г. Э***Г,10:38:22,0001 УАР
879,"418,400,000 ₮","50,000 ₮",С. Г***Р,10:37:55,0001 УАР
878,"418,350,000 ₮","50,000 ₮",Ц. О***Л,10:37:50,0001 УАР
877,"418,300,000 ₮","50,000 ₮",С. Г***Р,10:37:42,0001 УАР
876,"418,250,000 ₮","50,000 ₮",Б. Б***А,10:37:31,0001 УАР
875,"418,200,000 ₮","1,000,000 ₮",С. Г***Р,10:37:15,0001 УАР
874,"417,200,000 ₮","50,000 ₮",Ц. О***Л,10:37:15,0001 УАР
873,"417,150,000 ₮","50,000 ₮",Б. Б***А,10:36:53,0001 УАР
872,"417,100,000 ₮","50,000 ₮",С. Г***Р,10:35:48,0001 УАР
871,"417,050,000 ₮","50,000 ₮",Б. Б***А,10:35:39,0001 УАР
870,"417,000,000 ₮","50,000 ₮",С. Г***Р,10:35:33,0001 УАР
869,"416,950,000 ₮","50,000 ₮",Б. Б***А,10:35:19,0001 УАР
868,"416,900,000 ₮","50,000 ₮",С. Б***Х,10:35:14,0001 УАР
867,"416,850,000 ₮","50,000 ₮",С. Г***Р,10:35:13,0001 УАР
866,"416,800,000 ₮","50,000 ₮",Ц. О***Л,10:35:09,0001 УАР
865,"416,750,000 ₮","50,000 ₮",С. Г***Р,10:35:00,0001 УАР
864,"416,700,000 ₮","50,000 ₮",Б. Б***А,10:34:53,0001 УАР
863,"416,650,000 ₮","50,000 ₮",С. Г***Р,10:34:21,0001 УАР
862,"416,600,000 ₮","50,000 ₮",Б. Б***А,10:34:16,0001 УАР
861,"416,550,000 ₮","50,000 ₮",С. Г***Р,10:33:19,0001 УАР
860,"416,500,000 ₮","50,000 ₮",Н. Э***С,10:33:15,0001 УАР
859,"416,450,000 ₮","50,000 ₮",С. Г***Р,10:32:45,0001 УАР
858,"416,400,000 ₮","50,000 ₮",Б. Б***А,10:32:24,0001 УАР
857,"416,350,000 ₮","50,000 ₮",С. Г***Р,10:32:14,0001 УАР
856,"416,300,000 ₮","50,000 ₮",Б. Б***А,10:30:38,0001 УАР
855,"416,250,000 ₮","100,000 ₮",Н. Э***С,10:30:29,0001 УАР
854,"416,150,000 ₮","50,000 ₮",Ч. Б***Т,10:30:28,0001 УАР
853,"416,100,000 ₮","50,000 ₮",Б. Б***А,10:29:30,0001 УАР
852,"416,050,000 ₮","300,000 ₮",З. О***Р,10:28:50,0001 УАР
851,"415,750,000 ₮","300,000 ₮",Б. Н***Н,10:28:44,0001 УАР
850,"415,450,000 ₮","50,000 ₮",Д. О***Р,10:28:33,0001 УАР
849,"415,400,000 ₮","300,000 ₮",Б. Н***Н,10:28:26,0001 УАР
848,"415,100,000 ₮","50,000 ₮",Б. Б***А,10:27:43,0001 УАР
847,"415,050,000 ₮","50,000 ₮",Ц. О***Л,10:27:24,0001 УАР
846,"415,000,000 ₮","1,000,000 ₮",Н. Э***С,10:26:39,0001 УАР
845,"414,000,000 ₮","50,000 ₮",Б. Б***А,10:25:47,0001 УАР
844,"413,950,000 ₮","50,000 ₮",С. Г***Р,10:24:43,0001 УАР
843,"413,900,000 ₮","1,000,000 ₮",Н. Э***С,10:22:47,0001 УАР
842,"412,900,000 ₮","50,000 ₮",Ч. Б***Т,10:22:27,0001 УАР
841,"412,850,000 ₮","50,000 ₮",Ц. О***Л,10:21:34,0001 УАР
840,"412,800,000 ₮","50,000 ₮",Т. Б***А,10:21:15,0001 УАР
839,"412,750,000 ₮","1,000,000 ₮",Ц. О***Л,10:21:14,0001 УАР
838,"411,750,000 ₮","500,000 ₮",Б. Б***А,10:21:09,0001 УАР
837,"411,250,000 ₮","50,000 ₮",Ц. О***Л,10:21:02,0001 УАР
836,"411,200,000 ₮","50,000 ₮",Б. Б***А,10:20:18,0001 УАР
835,"411,150,000 ₮","50,000 ₮",Н. Э***С,10:20:13,0001 УАР
834,"411,100,000 ₮","50,000 ₮",Б. Б***А,10:20:06,0001 УАР
833,"411,050,000 ₮","50,000 ₮",Н. Э***С,10:20:03,0001 УАР
832,"411,000,000 ₮","50,000 ₮",Ц. О***Л,10:19:58,0001 УАР
831,"410,950,000 ₮","50,000 ₮",Б. Б***А,10:19:38,0001 УАР
830,"410,900,000 ₮","50,000 ₮",Ц. О***Л,10:18:25,0001 УАР
829,"410,850,000 ₮","50,000 ₮",Ч. Б***Т,10:17:59,0001 УАР
828,"410,800,000 ₮","50,000 ₮",С. Г***Р,10:17:52,0001 УАР
827,"410,750,000 ₮","500,000 ₮",С. Э***Р,10:17:33,0001 УАР
826,"410,250,000 ₮","50,000 ₮",Ц. О***Л,10:17:13,0001 УАР
825,"410,200,000 ₮","1,000,000 ₮",Н. Э***С,10:15:27,0001 УАР
824,"409,200,000 ₮","50,000 ₮",Ч. Б***Т,10:15:23,0001 УАР
823,"409,150,000 ₮","50,000 ₮",Д. Л***Н,10:14:59,0001 УАР
822,"409,100,000 ₮","1,000,000 ₮",С. Г***Р,10:14:40,0001 УАР
821,"408,100,000 ₮","1,000,000 ₮",Г. А***Д,10:14:17,0001 УАР
820,"407,100,000 ₮","50,000 ₮",Д. О***Р,10:14:13,0001 УАР
819,"407,050,000 ₮","1,000,000 ₮",Г. А***Д,10:13:05,0001 УАР
818,"406,050,000 ₮","1,000,000 ₮",Ч. Б***Т,10:12:59,0001 УАР
817,"405,050,000 ₮","1,000,000 ₮",Г. А***Д,10:12:40,0001 УАР
816,"404,050,000 ₮","1,000,000 ₮",Ч. Б***Т,10:12:35,0001 УАР
815,"403,050,000 ₮","1,000,000 ₮",С. Г***Р,10:12:15,0001 УАР
814,"402,050,000 ₮","1,000,000 ₮",Ч. Б***Т,10:12:09,0001 УАР
813,"401,050,000 ₮","1,000,000 ₮",Г. А***Д,10:12:01,0001 УАР
812,"400,050,000 ₮","1,000,000 ₮",Ч. Б***Т,10:11:47,0001 УАР
811,"399,050,000 ₮","1,000,000 ₮",Г. А***Д,10:11:47,0001 УАР
810,"398,050,000 ₮","50,000 ₮",Д. О***Р,10:11:38,0001 УАР
809,"398,000,000 ₮","50,000 ₮",Ч. Б***Т,10:11:21,0001 УАР
808,"397,950,000 ₮","100,000 ₮",Т. Б***А,10:10:46,0001 УАР
807,"397,850,000 ₮","50,000 ₮",Ч. Б***Т,10:10:45,0001 УАР
806,"397,800,000 ₮","500,000 ₮",Г. А***Д,10:10:44,0001 УАР
805,"397,300,000 ₮","50,000 ₮",Ч. Б***Т,10:10:03,0001 УАР
804,"397,250,000 ₮","1,000,000 ₮",С. Г***Р,10:09:26,0001 УАР
803,"396,250,000 ₮","100,000 ₮",Д. О***Р,10:09:23,0001 УАР
802,"396,150,000 ₮","100,000 ₮",Ж. Э***Д,10:09:14,0001 УАР
801,"396,050,000 ₮","50,000 ₮",А. М***Х,10:09:14,0001 УАР
800,"396,000,000 ₮","100,000 ₮",Ж. Э***Д,10:09:13,0001 УАР
799,"395,900,000 ₮","1,000,000 ₮",С. Г***Р,10:08:55,0001 УАР
798,"394,900,000 ₮","1,000,000 ₮",Ц. Б***Ж,10:08:45,0001 УАР
797,"393,900,000 ₮","50,000 ₮",С. Г***Р,10:07:55,0001 УАР
796,"393,850,000 ₮","1,000,000 ₮",Э. Ж***Н,10:07:47,0001 УАР
795,"392,850,000 ₮","300,000 ₮",С. Б***Х,10:07:19,0001 УАР
794,"392,550,000 ₮","50,000 ₮",Б. Б***А,10:07:16,0001 УАР
793,"392,500,000 ₮","50,000 ₮",Ч. Б***Т,10:07:08,0001 УАР
792,"392,450,000 ₮","50,000 ₮",Б. Б***А,10:06:16,0001 УАР
791,"392,400,000 ₮","100,000 ₮",И. Б***В,10:05:31,0001 УАР
790,"392,300,000 ₮","50,000 ₮",Ч. Б***Т,10:04:51,0001 УАР
789,"392,250,000 ₮","1,000,000 ₮",Г. Ц***А,10:04:11,0001 УАР
788,"391,250,000 ₮","1,000,000 ₮",Н. Э***С,10:03:44,0001 УАР
787,"390,250,000 ₮","50,000 ₮",Ч. Б***Т,10:03:16,0001 УАР
786,"390,200,000 ₮","1,000,000 ₮",Б. Б***А,10:03:14,0001 УАР
785,"389,200,000 ₮","1,000,000 ₮",Г. Ц***А,10:03:08,0001 УАР
784,"388,200,000 ₮","1,000,000 ₮",Б. Б***А,10:02:59,0001 УАР
783,"387,200,000 ₮","1,000,000 ₮",Г. Ц***А,10:02:28,0001 УАР
782,"386,200,000 ₮","1,000,000 ₮",Х. Б***Р,10:02:22,0001 УАР
781,"385,200,000 ₮","1,000,000 ₮",Г. Ц***А,10:02:17,0001 УАР
780,"384,200,000 ₮","1,000,000 ₮",Х. Б***Р,10:02:17,0001 УАР
779,"383,200,000 ₮","1,000,000 ₮",Г. Ц***А,10:02:16,0001 УАР
778,"382,200,000 ₮","1,000,000 ₮",Б. Б***А,10:02:14,0001 УАР
777,"381,200,000 ₮","50,000 ₮",Н. Э***С,10:02:10,0001 УАР
776,"381,150,000 ₮","1,000,000 ₮",Х. Б***Р,10:02:10,0001 УАР
775,"380,150,000 ₮","1,000,000 ₮",Б. Б***А,10:02:04,0001 УАР
774,"379,150,000 ₮","1,000,000 ₮",Х. Б***Р,10:02:03,0001 УАР
773,"378,150,000 ₮","1,000,000 ₮",Г. Ц***А,10:01:51,0001 УАР
772,"377,150,000 ₮","100,000 ₮",Б. Б***А,10:01:20,0001 УАР
771,"377,050,000 ₮","50,000 ₮",Ч. Б***Т,10:01:13,0001 УАР
770,"377,000,000 ₮","1,000,000 ₮",Б. Б***А,10:01:08,0001 УАР
769,"376,000,000 ₮","500,000 ₮",Н. Э***С,10:01:01,0001 УАР
768,"375,500,000 ₮","1,000,000 ₮",Б. Б***А,10:00:51,0001 УАР
767,"374,500,000 ₮","50,000 ₮",Д. Ц***Р,10:00:48,0001 УАР
766,"374,450,000 ₮","1,000,000 ₮",Ч. М***Р,10:00:47,0001 УАР
765,"373,450,000 ₮","1,000,000 ₮",Б. Б***А,10:00:33,0001 УАР
764,"372,450,000 ₮","50,000 ₮",Д. Ц***Р,10:00:30,0001 УАР
763,"372,400,000 ₮","50,000 ₮",С. Г***Р,10:00:28,0001 УАР
762,"372,350,000 ₮","1,000,000 ₮",Б. Б***А,10:00:21,0001 УАР
761,"371,350,000 ₮","50,000 ₮",Д. Ц***Р,10:00:13,0001 УАР
760,"371,300,000 ₮","50,000 ₮",Ч. Б***Т,10:00:13,0001 УАР
759,"371,250,000 ₮","1,000,000 ₮",Ч. М***Р,09:59:20,0001 УАР
758,"370,250,000 ₮","50,000 ₮",Д. Ц***Р,09:59:05,0001 УАР
757,"370,200,000 ₮","500,000 ₮",Ч. М***Р,09:59:00,0001 УАР
756,"369,700,000 ₮","50,000 ₮",Д. Ц***Р,09:58:51,0001 УАР
755,"369,650,000 ₮","50,000 ₮",Ч. Б***Т,09:58:28,0001 УАР
754,"369,600,000 ₮","100,000 ₮",Ч. М***Р,09:58:11,0001 УАР
753,"369,500,000 ₮","50,000 ₮",Ч. Б***Т,09:58:08,0001 УАР
752,"369,450,000 ₮","50,000 ₮",С. Б***Х,09:57:56,0001 УАР
751,"369,400,000 ₮","50,000 ₮",Д. Ц***Р,09:57:55,0001 УАР
750,"369,350,000 ₮","500,000 ₮",Ч. М***Р,09:57:39,0001 УАР
749,"368,850,000 ₮","50,000 ₮",Д. Ц***Р,09:57:31,0001 УАР
748,"368,800,000 ₮","50,000 ₮",Ч. М***Р,09:57:14,0001 УАР
747,"368,750,000 ₮","50,000 ₮",Ж. Э***Д,09:56:53,0001 УАР
746,"368,700,000 ₮","50,000 ₮",Ч. М***Р,09:56:50,0001 УАР
745,"368,650,000 ₮","50,000 ₮",Ч. Б***Т,09:56:39,0001 УАР
744,"368,600,000 ₮","50,000 ₮",Д. Ц***Р,09:56:32,0001 УАР
743,"368,550,000 ₮","50,000 ₮",Ч. М***Р,09:56:24,0001 УАР
742,"368,500,000 ₮","50,000 ₮",С. Б***Х,09:56:19,0001 УАР
741,"368,450,000 ₮","50,000 ₮",Ч. М***Р,09:55:46,0001 УАР
740,"368,400,000 ₮","50,000 ₮",С. Б***Х,09:55:34,0001 УАР
739,"368,350,000 ₮","50,000 ₮",Ч. М***Р,09:55:13,0001 УАР
738,"368,300,000 ₮","50,000 ₮",Ч. Б***Т,09:55:10,0001 УАР
737,"368,250,000 ₮","50,000 ₮",С. Г***Р,09:55:02,0001 УАР
736,"368,200,000 ₮","100,000 ₮",Ч. М***Р,09:54:57,0001 УАР
735,"368,100,000 ₮","50,000 ₮",С. Г***Р,09:54:51,0001 УАР
734,"368,050,000 ₮","1,000,000 ₮",Ү. Б***Э,09:54:44,0001 УАР
733,"367,050,000 ₮","500,000 ₮",Ч. М***Р,09:54:29,0001 УАР
732,"366,550,000 ₮","50,000 ₮",Ч. Б***Т,09:54:24,0001 УАР
731,"366,500,000 ₮","50,000 ₮",Ц. О***Л,09:54:23,0001 УАР
730,"366,450,000 ₮","50,000 ₮",С. Б***Х,09:54:15,0001 УАР
729,"366,400,000 ₮","50,000 ₮",Ч. Б***Т,09:53:55,0001 УАР
728,"366,350,000 ₮","50,000 ₮",С. Г***Р,09:53:46,0001 УАР
727,"366,300,000 ₮","50,000 ₮",Ч. Б***Т,09:53:05,0001 УАР
726,"366,250,000 ₮","1,000,000 ₮",Х. Б***Р,09:52:56,0001 УАР
725,"365,250,000 ₮","50,000 ₮",Ч. Б***Т,09:51:21,0001 УАР
724,"365,200,000 ₮","50,000 ₮",С. Б***Х,09:50:50,0001 УАР
723,"365,150,000 ₮","50,000 ₮",Ц. О***Л,09:50:23,0001 УАР
722,"365,100,000 ₮","50,000 ₮",С. Б***Х,09:49:54,0001 УАР
721,"365,050,000 ₮","500,000 ₮",Ж. Э***Д,09:49:50,0001 УАР
720,"364,550,000 ₮","50,000 ₮",Ж. А***Г,09:49:10,0001 УАР
719,"364,500,000 ₮","1,000,000 ₮",Х. Б***Р,09:48:59,0001 УАР
718,"363,500,000 ₮","50,000 ₮",Ц. О***Л,09:48:48,0001 УАР
717,"363,450,000 ₮","1,000,000 ₮",Д. О***Р,09:48:41,0001 УАР
716,"362,450,000 ₮","1,000,000 ₮",Ч. Б***Т,09:48:40,0001 УАР
715,"361,450,000 ₮","1,000,000 ₮",Д. О***Р,09:48:28,0001 УАР
714,"360,450,000 ₮","1,000,000 ₮",Х. Б***Р,09:46:39,0001 УАР
713,"359,450,000 ₮","500,000 ₮",С. Г***Р,09:46:17,0001 УАР
712,"358,950,000 ₮","1,000,000 ₮",Ч. Б***Т,09:46:10,0001 УАР
711,"357,950,000 ₮","300,000 ₮",Д. О***Р,09:45:55,0001 УАР
710,"357,650,000 ₮","50,000 ₮",С. Г***Р,09:45:54,0001 УАР
709,"357,600,000 ₮","50,000 ₮",М. Х***Н,09:45:53,0001 УАР
708,"357,550,000 ₮","100,000 ₮",Д. О***Р,09:45:51,0001 УАР
707,"357,450,000 ₮","50,000 ₮",Ц. О***Л,09:44:49,0001 УАР
706,"357,400,000 ₮","50,000 ₮",Ч. Б***Т,09:44:22,0001 УАР
705,"357,350,000 ₮","1,000,000 ₮",С. Б***Х,09:43:50,0001 УАР
704,"356,350,000 ₮","50,000 ₮",Ч. Б***Т,09:43:48,0001 УАР
703,"356,300,000 ₮","50,000 ₮",Ц. О***Л,09:43:45,0001 УАР
702,"356,250,000 ₮","50,000 ₮",С. Г***Р,09:43:45,0001 УАР
701,"356,200,000 ₮","50,000 ₮",Ц. О***Л,09:43:45,0001 УАР
700,"356,150,000 ₮","100,000 ₮",С. Б***Х,09:43:45,0001 УАР
699,"356,050,000 ₮","50,000 ₮",Ц. О***Л,09:43:43,0001 УАР
698,"356,000,000 ₮","50,000 ₮",Д. О***Р,09:41:59,0001 УАР
697,"355,950,000 ₮","50,000 ₮",С. Г***Р,09:41:42,0001 УАР
696,"355,900,000 ₮","50,000 ₮",Г. Г***Р,09:41:41,0001 УАР
695,"355,850,000 ₮","100,000 ₮",С. Б***Х,09:41:38,0001 УАР
694,"355,750,000 ₮","50,000 ₮",Д. О***Р,09:41:32,0001 УАР
693,"355,700,000 ₮","50,000 ₮",Ц. О***Л,09:41:31,0001 УАР
692,"355,650,000 ₮","1,000,000 ₮",Д. О***Р,09:41:28,0001 УАР
691,"354,650,000 ₮","50,000 ₮",С. Г***Р,09:41:28,0001 УАР
690,"354,600,000 ₮","50,000 ₮",Ж. А***Г,09:41:28,0001 УАР
689,"354,550,000 ₮","100,000 ₮",Д. О***Р,09:41:19,0001 УАР
688,"354,450,000 ₮","50,000 ₮",Ц. Б***Х,09:41:11,0001 УАР
687,"354,400,000 ₮","50,000 ₮",С. Г***Р,09:40:59,0001 УАР
686,"354,350,000 ₮","50,000 ₮",Ч. Б***Т,09:40:05,0001 УАР
685,"354,300,000 ₮","50,000 ₮",О. Б***Н,09:39:55,0001 УАР
684,"354,250,000 ₮","50,000 ₮",Ж. А***Г,09:39:51,0001 УАР
683,"354,200,000 ₮","50,000 ₮",С. Г***Р,09:39:39,0001 УАР
682,"354,150,000 ₮","100,000 ₮",О. Б***Н,09:39:18,0001 УАР
681,"354,050,000 ₮","100,000 ₮",М. Б***Н,09:38:42,0001 УАР
680,"353,950,000 ₮","100,000 ₮",С. Г***Р,09:38:35,0001 УАР
679,"353,850,000 ₮","1,000,000 ₮",Д. Л***Н,09:38:29,0001 УАР
678,"352,850,000 ₮","50,000 ₮",С. Г***Р,09:38:25,0001 УАР
677,"352,800,000 ₮","50,000 ₮",Ч. Б***Т,09:38:20,0001 УАР
676,"352,750,000 ₮","50,000 ₮",С. Г***Р,09:38:01,0001 УАР
675,"352,700,000 ₮","50,000 ₮",Г. Э***Г,09:38:00,0001 УАР
674,"352,650,000 ₮","100,000 ₮",С. Б***Х,09:37:39,0001 УАР
673,"352,550,000 ₮","50,000 ₮",С. Г***Р,09:36:51,0001 УАР
672,"352,500,000 ₮","1,000,000 ₮",О. Б***Р,09:36:44,0001 УАР
671,"351,500,000 ₮","50,000 ₮",С. Г***Р,09:36:40,0001 УАР
670,"351,450,000 ₮","50,000 ₮",Ч. Б***Т,09:36:32,0001 УАР
669,"351,400,000 ₮","1,000,000 ₮",С. Г***Р,09:36:11,0001 УАР
668,"350,400,000 ₮","50,000 ₮",Б. А***К,09:36:04,0001 УАР
667,"350,350,000 ₮","1,000,000 ₮",С. Г***Р,09:36:02,0001 УАР
666,"349,350,000 ₮","1,000,000 ₮",С. Б***Х,09:35:55,0001 УАР
665,"348,350,000 ₮","1,000,000 ₮",С. Г***Р,09:35:46,0001 УАР
664,"347,350,000 ₮","50,000 ₮",С. Б***Х,09:35:40,0001 УАР
663,"347,300,000 ₮","1,000,000 ₮",С. Г***Р,09:35:20,0001 УАР
662,"346,300,000 ₮","50,000 ₮",С. Б***Х,09:35:04,0001 УАР
661,"346,250,000 ₮","50,000 ₮",С. Г***Р,09:34:54,0001 УАР
660,"346,200,000 ₮","1,000,000 ₮",Ж. Б***Ү,09:34:45,0001 УАР
659,"345,200,000 ₮","50,000 ₮",Т. Б***А,09:34:41,0001 УАР
658,"345,150,000 ₮","50,000 ₮",Ч. Б***Т,09:34:30,0001 УАР
657,"345,100,000 ₮","50,000 ₮",С. Г***Р,09:34:27,0001 УАР
656,"345,050,000 ₮","1,000,000 ₮",С. Б***Х,09:33:50,0001 УАР
655,"344,050,000 ₮","50,000 ₮",Ц. О***Л,09:33:48,0001 УАР
654,"344,000,000 ₮","1,000,000 ₮",С. С***Н,09:33:38,0001 УАР
653,"343,000,000 ₮","1,000,000 ₮",С. Б***Х,09:33:33,0001 УАР
652,"342,000,000 ₮","50,000 ₮",С. Г***Р,09:33:13,0001 УАР
651,"341,950,000 ₮","50,000 ₮",Д. О***Р,09:33:00,0001 УАР
650,"341,900,000 ₮","50,000 ₮",Ч. Б***Т,09:32:51,0001 УАР
649,"341,850,000 ₮","50,000 ₮",Д. О***Р,09:32:44,0001 УАР
648,"341,800,000 ₮","1,000,000 ₮",С. Б***Х,09:32:30,0001 УАР
647,"340,800,000 ₮","50,000 ₮",Ц. О***Л,09:32:25,0001 УАР
646,"340,750,000 ₮","50,000 ₮",С. Г***Р,09:32:15,0001 УАР
645,"340,700,000 ₮","50,000 ₮",Т. Б***А,09:32:11,0001 УАР
644,"340,650,000 ₮","50,000 ₮",С. Г***Р,09:31:39,0001 УАР
643,"340,600,000 ₮","50,000 ₮",С. Б***Х,09:31:39,0001 УАР
642,"340,550,000 ₮","1,000,000 ₮",С. С***Н,09:31:36,0001 УАР
641,"339,550,000 ₮","50,000 ₮",С. Г***Р,09:30:51,0001 УАР
640,"339,500,000 ₮","1,000,000 ₮",Ч. Б***Т,09:30:44,0001 УАР
639,"338,500,000 ₮","50,000 ₮",Т. Б***А,09:30:22,0001 УАР
638,"338,450,000 ₮","50,000 ₮",Ч. Б***Т,09:30:14,0001 УАР
637,"338,400,000 ₮","1,000,000 ₮",Б. С***Н,09:29:41,0001 УАР
636,"337,400,000 ₮","1,000,000 ₮",Т. Б***А,09:29:36,0001 УАР
635,"336,400,000 ₮","1,000,000 ₮",Б. С***Н,09:29:21,0001 УАР
634,"335,400,000 ₮","1,000,000 ₮",Т. Б***А,09:29:21,0001 УАР
633,"334,400,000 ₮","50,000 ₮",С. Г***Р,09:29:15,0001 УАР
632,"334,350,000 ₮","1,000,000 ₮",Т. Б***А,09:29:11,0001 УАР
631,"333,350,000 ₮","50,000 ₮",С. Г***Р,09:29:05,0001 УАР
630,"333,300,000 ₮","1,000,000 ₮",Т. Б***А,09:29:00,0001 УАР
629,"332,300,000 ₮","50,000 ₮",Б. Б***Т,09:28:54,0001 УАР
628,"332,250,000 ₮","1,000,000 ₮",Т. Б***А,09:28:51,0001 УАР
627,"331,250,000 ₮","50,000 ₮",Ч. Б***Т,09:28:45,0001 УАР
626,"331,200,000 ₮","1,000,000 ₮",Х. Б***Р,09:28:42,0001 УАР
625,"330,200,000 ₮","50,000 ₮",Ж. Б***Ү,09:28:04,0001 УАР
624,"330,150,000 ₮","50,000 ₮",С. Г***Р,09:27:30,0001 УАР
623,"330,100,000 ₮","300,000 ₮",Ж. Б***Ү,09:27:26,0001 УАР
622,"329,800,000 ₮","100,000 ₮",Б. Н***Н,09:27:19,0001 УАР
621,"329,700,000 ₮","1,000,000 ₮",О. Б***Р,09:26:39,0001 УАР
620,"328,700,000 ₮","1,000,000 ₮",Б. Н***Н,09:26:30,0001 УАР
619,"327,700,000 ₮","1,000,000 ₮",О. Б***Р,09:26:30,0001 УАР
618,"326,700,000 ₮","50,000 ₮",С. Г***Р,09:26:19,0001 УАР
617,"326,650,000 ₮","50,000 ₮",Г. Д***М,09:26:13,0001 УАР
616,"326,600,000 ₮","50,000 ₮",С. Г***Р,09:26:13,0001 УАР
615,"326,550,000 ₮","50,000 ₮",Ч. Б***Т,09:26:04,0001 УАР
614,"326,500,000 ₮","1,000,000 ₮",Т. Б***А,09:25:44,0001 УАР
613,"325,500,000 ₮","1,000,000 ₮",Х. Б***Р,09:25:42,0001 УАР
612,"324,500,000 ₮","50,000 ₮",Н. Б***Л,09:25:34,0001 УАР
611,"324,450,000 ₮","50,000 ₮",С. Г***Р,09:25:30,0001 УАР
610,"324,400,000 ₮","1,000,000 ₮",О. Б***Р,09:25:24,0001 УАР
609,"323,400,000 ₮","50,000 ₮",С. Г***Р,09:25:20,0001 УАР
608,"323,350,000 ₮","1,000,000 ₮",О. Б***Р,09:25:17,0001 УАР
607,"322,350,000 ₮","50,000 ₮",С. Г***Р,09:25:13,0001 УАР
606,"322,300,000 ₮","1,000,000 ₮",О. Б***Р,09:25:08,0001 УАР
605,"321,300,000 ₮","50,000 ₮",С. Г***Р,09:25:07,0001 УАР
604,"321,250,000 ₮","1,000,000 ₮",О. Б***Р,09:25:02,0001 УАР
603,"320,250,000 ₮","50,000 ₮",С. Г***Р,09:25:00,0001 УАР
602,"320,200,000 ₮","50,000 ₮",Ч. Б***Т,09:24:55,0001 УАР
601,"320,150,000 ₮","50,000 ₮",С. Г***Р,09:24:52,0001 УАР
600,"320,100,000 ₮","1,000,000 ₮",О. Б***Р,09:24:47,0001 УАР
599,"319,100,000 ₮","50,000 ₮",Ж. Э***Д,09:24:45,0001 УАР
598,"319,050,000 ₮","50,000 ₮",С. Г***Р,09:24:44,0001 УАР
597,"319,000,000 ₮","1,000,000 ₮",О. Б***Р,09:24:35,0001 УАР
596,"318,000,000 ₮","50,000 ₮",С. Г***Р,09:24:33,0001 УАР
595,"317,950,000 ₮","1,000,000 ₮",О. Б***Р,09:24:29,0001 УАР
594,"316,950,000 ₮","1,000,000 ₮",Ж. Э***Д,09:24:25,0001 УАР
593,"315,950,000 ₮","50,000 ₮",Ч. Б***Т,09:24:24,0001 УАР
592,"315,900,000 ₮","1,000,000 ₮",Х. Ц***А,09:24:16,0001 УАР
591,"314,900,000 ₮","1,000,000 ₮",О. Б***Р,09:24:15,0001 УАР
590,"313,900,000 ₮","1,000,000 ₮",Ж. Б***Ү,09:24:10,0001 УАР
589,"312,900,000 ₮","1,000,000 ₮",О. Б***Р,09:24:04,0001 УАР
588,"311,900,000 ₮","1,000,000 ₮",Х. Ц***А,09:24:04,0001 УАР
587,"310,900,000 ₮","1,000,000 ₮",Ж. Э***Д,09:23:58,0001 УАР
586,"309,900,000 ₮","1,000,000 ₮",Ж. Б***Ү,09:23:58,0001 УАР
585,"308,900,000 ₮","1,000,000 ₮",О. Б***Р,09:23:58,0001 УАР
584,"307,900,000 ₮","1,000,000 ₮",Б. О***М,09:23:57,0001 УАР
583,"306,900,000 ₮","50,000 ₮",Ч. Б***Т,09:23:55,0001 УАР
582,"306,850,000 ₮","50,000 ₮",С. Г***Р,09:23:41,0001 УАР
581,"306,800,000 ₮","50,000 ₮",Б. А***К,09:23:37,0001 УАР
580,"306,750,000 ₮","50,000 ₮",С. Г***Р,09:23:10,0001 УАР
579,"306,700,000 ₮","50,000 ₮",Ч. Б***Т,09:23:04,0001 УАР
578,"306,650,000 ₮","500,000 ₮",Л. Б***Д,09:22:52,0001 УАР
577,"306,150,000 ₮","300,000 ₮",Т. Б***А,09:22:47,0001 УАР
576,"305,850,000 ₮","50,000 ₮",М. Б***Н,09:22:36,0001 УАР
575,"305,800,000 ₮","100,000 ₮",Т. Б***А,09:22:31,0001 УАР
574,"305,700,000 ₮","50,000 ₮",Ч. Б***Т,09:22:24,0001 УАР
573,"305,650,000 ₮","50,000 ₮",С. Г***Р,09:22:13,0001 УАР
572,"305,600,000 ₮","50,000 ₮",Т. Б***А,09:22:10,0001 УАР
571,"305,550,000 ₮","50,000 ₮",С. Г***Р,09:21:51,0001 УАР
570,"305,500,000 ₮","1,000,000 ₮",М. Б***Н,09:21:49,0001 УАР
569,"304,500,000 ₮","1,000,000 ₮",Х. Ц***А,09:21:46,0001 УАР
568,"303,500,000 ₮","50,000 ₮",С. Г***Р,09:21:33,0001 УАР
567,"303,450,000 ₮","50,000 ₮",Д. О***Р,09:21:26,0001 УАР
566,"303,400,000 ₮","50,000 ₮",Г. Э***Г,09:21:13,0001 УАР
565,"303,350,000 ₮","50,000 ₮",С. Г***Р,09:20:57,0001 УАР
564,"303,300,000 ₮","50,000 ₮",Х. Ц***А,09:20:48,0001 УАР
563,"303,250,000 ₮","100,000 ₮",Б. Н***Н,09:20:44,0001 УАР
562,"303,150,000 ₮","1,000,000 ₮",Б. С***Н,09:20:43,0001 УАР
561,"302,150,000 ₮","300,000 ₮",Б. Н***Н,09:20:43,0001 УАР
560,"301,850,000 ₮","50,000 ₮",С. Г***Р,09:20:42,0001 УАР
559,"301,800,000 ₮","50,000 ₮",Х. Ц***А,09:20:36,0001 УАР
558,"301,750,000 ₮","50,000 ₮",С. Г***Р,09:20:31,0001 УАР
557,"301,700,000 ₮","100,000 ₮",Х. Ц***А,09:20:20,0001 УАР
556,"301,600,000 ₮","50,000 ₮",Б. А***К,09:20:19,0001 УАР
555,"301,550,000 ₮","50,000 ₮",Ч. Б***Т,09:20:18,0001 УАР
554,"301,500,000 ₮","50,000 ₮",С. Г***Р,09:20:08,0001 УАР
553,"301,450,000 ₮","50,000 ₮",Х. Ц***А,09:20:05,0001 УАР
552,"301,400,000 ₮","1,000,000 ₮",О. Б***Р,09:20:04,0001 УАР
551,"300,400,000 ₮","50,000 ₮",Д. Л***Н,09:20:02,0001 УАР
550,"300,350,000 ₮","1,000,000 ₮",С. Г***Р,09:20:01,0001 УАР
549,"299,350,000 ₮","50,000 ₮",Х. Ц***А,09:20:00,0001 УАР
548,"299,300,000 ₮","1,000,000 ₮",О. Б***Р,09:19:56,0001 УАР
547,"298,300,000 ₮","50,000 ₮",Х. Ц***А,09:19:51,0001 УАР
546,"298,250,000 ₮","1,000,000 ₮",Ж. Б***Ү,09:19:50,0001 УАР
545,"297,250,000 ₮","1,000,000 ₮",О. Б***Р,09:19:49,0001 УАР
544,"296,250,000 ₮","50,000 ₮",Х. Ц***А,09:19:45,0001 УАР
543,"296,200,000 ₮","1,000,000 ₮",О. Б***Р,09:19:42,0001 УАР
542,"295,200,000 ₮","1,000,000 ₮",Ч. Б***Т,09:19:41,0001 УАР
541,"294,200,000 ₮","50,000 ₮",Х. Ц***А,09:19:39,0001 УАР
540,"294,150,000 ₮","1,000,000 ₮",О. Б***Р,09:19:35,0001 УАР
539,"293,150,000 ₮","50,000 ₮",Х. Ц***А,09:19:31,0001 УАР
538,"293,100,000 ₮","1,000,000 ₮",О. Б***Р,09:19:30,0001 УАР
537,"292,100,000 ₮","1,000,000 ₮",Б. А***К,09:19:29,0001 УАР
536,"291,100,000 ₮","50,000 ₮",Ж. Б***Ү,09:19:29,0001 УАР
535,"291,050,000 ₮","50,000 ₮",Д. О***Р,09:19:27,0001 УАР
534,"291,000,000 ₮","1,000,000 ₮",О. Б***Р,09:19:26,0001 УАР
533,"290,000,000 ₮","50,000 ₮",Х. Ц***А,09:19:25,0001 УАР
532,"289,950,000 ₮","50,000 ₮",Ч. Б***Т,09:19:22,0001 УАР
531,"289,900,000 ₮","1,000,000 ₮",О. Б***Р,09:19:20,0001 УАР
530,"288,900,000 ₮","50,000 ₮",Х. Ц***А,09:19:17,0001 УАР
529,"288,850,000 ₮","1,000,000 ₮",О. Б***Р,09:19:13,0001 УАР
528,"287,850,000 ₮","50,000 ₮",Х. Ц***А,09:19:12,0001 УАР
527,"287,800,000 ₮","500,000 ₮",Ё. Х***Р,09:19:09,0001 УАР
526,"287,300,000 ₮","1,000,000 ₮",М. Б***Н,09:19:08,0001 УАР
525,"286,300,000 ₮","1,000,000 ₮",О. Б***Р,09:19:08,0001 УАР
524,"285,300,000 ₮","50,000 ₮",Х. Ц***А,09:19:06,0001 УАР
523,"285,250,000 ₮","1,000,000 ₮",О. Б***Р,09:19:05,0001 УАР
522,"284,250,000 ₮","1,000,000 ₮",М. Б***Н,09:19:03,0001 УАР
521,"283,250,000 ₮","50,000 ₮",Х. Ц***А,09:19:01,0001 УАР
520,"283,200,000 ₮","1,000,000 ₮",О. Б***Р,09:18:59,0001 УАР
519,"282,200,000 ₮","1,000,000 ₮",М. Б***Н,09:18:58,0001 УАР
518,"281,200,000 ₮","1,000,000 ₮",Б. С***Н,09:18:58,0001 УАР
517,"280,200,000 ₮","50,000 ₮",Х. Ц***А,09:18:57,0001 УАР
516,"280,150,000 ₮","1,000,000 ₮",О. Б***Р,09:18:57,0001 УАР
515,"279,150,000 ₮","1,000,000 ₮",Ж. Б***Ү,09:18:55,0001 УАР
514,"278,150,000 ₮","1,000,000 ₮",О. Б***Р,09:18:55,0001 УАР
513,"277,150,000 ₮","1,000,000 ₮",М. Б***Н,09:18:54,0001 УАР
512,"276,150,000 ₮","1,000,000 ₮",О. Б***Р,09:18:53,0001 УАР
511,"275,150,000 ₮","50,000 ₮",Х. Ц***А,09:18:51,0001 УАР
510,"275,100,000 ₮","50,000 ₮",Д. О***Р,09:18:51,0001 УАР
509,"275,050,000 ₮","1,000,000 ₮",О. Б***Р,09:18:49,0001 УАР
508,"274,050,000 ₮","1,000,000 ₮",М. Б***Н,09:18:49,0001 УАР
507,"273,050,000 ₮","1,000,000 ₮",О. Б***Р,09:18:47,0001 УАР
506,"272,050,000 ₮","300,000 ₮",Х. Ц***А,09:18:46,0001 УАР
505,"271,750,000 ₮","1,000,000 ₮",М. Б***Н,09:18:45,0001 УАР
504,"270,750,000 ₮","1,000,000 ₮",О. Б***Р,09:18:36,0001 УАР
503,"269,750,000 ₮","300,000 ₮",Х. Ц***А,09:18:35,0001 УАР
502,"269,450,000 ₮","1,000,000 ₮",О. Б***Р,09:18:33,0001 УАР
501,"268,450,000 ₮","1,000,000 ₮",М. Б***Н,09:18:32,0001 УАР
500,"267,450,000 ₮","1,000,000 ₮",О. Б***Р,09:18:31,0001 УАР
499,"266,450,000 ₮","50,000 ₮",Х. Ц***А,09:18:28,0001 УАР
498,"266,400,000 ₮","1,000,000 ₮",О. Б***Р,09:18:27,0001 УАР
497,"265,400,000 ₮","1,000,000 ₮",М. Б***Н,09:18:24,0001 УАР
496,"264,400,000 ₮","50,000 ₮",Х. Ц***А,09:18:23,0001 УАР
495,"264,350,000 ₮","1,000,000 ₮",О. Б***Р,09:18:19,0001 УАР
494,"263,350,000 ₮","50,000 ₮",Х. Ц***А,09:18:18,0001 УАР
493,"263,300,000 ₮","1,000,000 ₮",М. Б***Н,09:18:16,0001 УАР
492,"262,300,000 ₮","1,000,000 ₮",О. Б***Р,09:18:15,0001 УАР
491,"261,300,000 ₮","50,000 ₮",Х. Ц***А,09:18:11,0001 УАР
490,"261,250,000 ₮","1,000,000 ₮",О. Б***Р,09:18:10,0001 УАР
489,"260,250,000 ₮","50,000 ₮",Ц. О***Л,09:18:10,0001 УАР
488,"260,200,000 ₮","1,000,000 ₮",О. Б***Р,09:18:08,0001 УАР
487,"259,200,000 ₮","1,000,000 ₮",Б. А***К,09:18:06,0001 УАР
486,"258,200,000 ₮","50,000 ₮",Х. Ц***А,09:18:05,0001 УАР
485,"258,150,000 ₮","1,000,000 ₮",О. Б***Р,09:18:01,0001 УАР
484,"257,150,000 ₮","50,000 ₮",Х. Ц***А,09:18:01,0001 УАР
483,"257,100,000 ₮","500,000 ₮",Э. Э***Р,09:18:00,0001 УАР
482,"256,600,000 ₮","1,000,000 ₮",М. Б***Н,09:17:56,0001 УАР
481,"255,600,000 ₮","1,000,000 ₮",О. Б***Р,09:17:56,0001 УАР
480,"254,600,000 ₮","50,000 ₮",Х. Ц***А,09:17:53,0001 УАР
479,"254,550,000 ₮","1,000,000 ₮",О. Б***Р,09:17:51,0001 УАР
478,"253,550,000 ₮","50,000 ₮",Х. Ц***А,09:17:44,0001 УАР
477,"253,500,000 ₮","1,000,000 ₮",О. Б***Р,09:17:43,0001 УАР
476,"252,500,000 ₮","1,000,000 ₮",М. Б***Н,09:17:42,0001 УАР
475,"251,500,000 ₮","50,000 ₮",Х. Ц***А,09:17:38,0001 УАР
474,"251,450,000 ₮","1,000,000 ₮",О. Б***Р,09:17:36,0001 УАР
473,"250,450,000 ₮","50,000 ₮",Ч. Б***Т,09:17:36,0001 УАР
472,"250,400,000 ₮","50,000 ₮",Х. Ц***А,09:17:29,0001 УАР
471,"250,350,000 ₮","1,000,000 ₮",О. Б***Р,09:17:28,0001 УАР
470,"249,350,000 ₮","1,000,000 ₮",М. Б***Н,09:17:27,0001 УАР
469,"248,350,000 ₮","50,000 ₮",Ж. А***Г,09:17:26,0001 УАР
468,"248,300,000 ₮","1,000,000 ₮",О. Б***Р,09:17:22,0001 УАР
467,"247,300,000 ₮","100,000 ₮",Х. Ц***А,09:17:19,0001 УАР
466,"247,200,000 ₮","50,000 ₮",Д. О***Р,09:17:18,0001 УАР
465,"247,150,000 ₮","1,000,000 ₮",О. Б***Р,09:17:14,0001 УАР
464,"246,150,000 ₮","50,000 ₮",Х. Ц***А,09:17:05,0001 УАР
463,"246,100,000 ₮","50,000 ₮",Ч. Б***Т,09:17:02,0001 УАР
462,"246,050,000 ₮","50,000 ₮",Х. Ц***А,09:16:52,0001 УАР
461,"246,000,000 ₮","50,000 ₮",Д. Э***Л,09:16:46,0001 УАР
460,"245,950,000 ₮","50,000 ₮",Х. Ц***А,09:16:45,0001 УАР
459,"245,900,000 ₮","100,000 ₮",А. Ө***Л,09:16:41,0001 УАР
458,"245,800,000 ₮","50,000 ₮",Х. Ц***А,09:16:24,0001 УАР
457,"245,750,000 ₮","1,000,000 ₮",Б. С***Н,09:16:23,0001 УАР
456,"244,750,000 ₮","500,000 ₮",Л. П***Н,09:16:19,0001 УАР
455,"244,250,000 ₮","50,000 ₮",Х. Ц***А,09:16:19,0001 УАР
454,"244,200,000 ₮","1,000,000 ₮",С. Г***Р,09:16:15,0001 УАР
453,"243,200,000 ₮","50,000 ₮",Х. Ц***А,09:16:04,0001 УАР
452,"243,150,000 ₮","1,000,000 ₮",Ч. Б***Т,09:15:58,0001 УАР
451,"242,150,000 ₮","1,000,000 ₮",О. Б***Р,09:15:58,0001 УАР
450,"241,150,000 ₮","1,000,000 ₮",Ч. Б***Т,09:15:57,0001 УАР
449,"240,150,000 ₮","50,000 ₮",Д. О***Р,09:15:57,0001 УАР
448,"240,100,000 ₮","1,000,000 ₮",Х. Ц***А,09:15:53,0001 УАР
447,"239,100,000 ₮","1,000,000 ₮",О. Б***Р,09:15:53,0001 УАР
446,"238,100,000 ₮","1,000,000 ₮",Г. Д***М,09:15:50,0001 УАР
445,"237,100,000 ₮","50,000 ₮",Х. Ц***А,09:15:50,0001 УАР
444,"237,050,000 ₮","1,000,000 ₮",О. Б***Р,09:15:47,0001 УАР
443,"236,050,000 ₮","1,000,000 ₮",М. Б***Н,09:15:46,0001 УАР
442,"235,050,000 ₮","50,000 ₮",Х. Ц***А,09:15:45,0001 УАР
441,"235,000,000 ₮","1,000,000 ₮",Х. Б***Р,09:15:44,0001 УАР
440,"234,000,000 ₮","1,000,000 ₮",О. Б***Р,09:15:42,0001 УАР
439,"233,000,000 ₮","50,000 ₮",Х. Ц***А,09:15:41,0001 УАР
438,"232,950,000 ₮","1,000,000 ₮",Х. Б***Р,09:15:38,0001 УАР
437,"231,950,000 ₮","1,000,000 ₮",Б. С***Н,09:15:37,0001 УАР
436,"230,950,000 ₮","1,000,000 ₮",Х. Б***Р,09:15:35,0001 УАР
435,"229,950,000 ₮","1,000,000 ₮",О. Б***Р,09:15:35,0001 УАР
434,"228,950,000 ₮","1,000,000 ₮",С. Г***Р,09:15:34,0001 УАР
433,"227,950,000 ₮","1,000,000 ₮",Х. Б***Р,09:15:33,0001 УАР
432,"226,950,000 ₮","500,000 ₮",Х. Ц***А,09:15:32,0001 УАР
431,"226,450,000 ₮","1,000,000 ₮",Х. Б***Р,09:15:31,0001 УАР
430,"225,450,000 ₮","50,000 ₮",Ч. Б***Т,09:15:31,0001 УАР
429,"225,400,000 ₮","1,000,000 ₮",О. Б***Р,09:15:29,0001 УАР
428,"224,400,000 ₮","1,000,000 ₮",Б. С***Н,09:15:28,0001 УАР
427,"223,400,000 ₮","1,000,000 ₮",Х. Б***Р,09:15:28,0001 УАР
426,"222,400,000 ₮","500,000 ₮",Х. Ц***А,09:15:26,0001 УАР
425,"221,900,000 ₮","50,000 ₮",Б. А***К,09:15:26,0001 УАР
424,"221,850,000 ₮","1,000,000 ₮",Х. Б***Р,09:15:26,0001 УАР
423,"220,850,000 ₮","1,000,000 ₮",О. Б***Р,09:15:24,0001 УАР
422,"219,850,000 ₮","1,000,000 ₮",Х. Б***Р,09:15:23,0001 УАР
421,"218,850,000 ₮","50,000 ₮",Х. Ц***А,09:15:21,0001 УАР
420,"218,800,000 ₮","1,000,000 ₮",Б. С***Н,09:15:19,0001 УАР
419,"217,800,000 ₮","1,000,000 ₮",О. Б***Р,09:15:18,0001 УАР
418,"216,800,000 ₮","50,000 ₮",Х. Ц***А,09:15:14,0001 УАР
417,"216,750,000 ₮","1,000,000 ₮",Х. Б***Р,09:15:13,0001 УАР
416,"215,750,000 ₮","50,000 ₮",Х. Ц***А,09:15:12,0001 УАР
415,"215,700,000 ₮","1,000,000 ₮",О. Б***Р,09:15:11,0001 УАР
414,"214,700,000 ₮","50,000 ₮",Х. Ц***А,09:15:09,0001 УАР
413,"214,650,000 ₮","1,000,000 ₮",Б. С***Н,09:15:08,0001 УАР
412,"213,650,000 ₮","50,000 ₮",Д. О***Р,09:15:07,0001 УАР
411,"213,600,000 ₮","50,000 ₮",Х. Ц***А,09:15:06,0001 УАР
410,"213,550,000 ₮","1,000,000 ₮",О. Б***Р,09:15:04,0001 УАР
409,"212,550,000 ₮","50,000 ₮",Ч. Б***Т,09:15:03,0001 УАР
408,"212,500,000 ₮","1,000,000 ₮",Х. Б***Р,09:15:01,0001 УАР
407,"211,500,000 ₮","1,000,000 ₮",О. Б***Р,09:15:00,0001 УАР
406,"210,500,000 ₮","50,000 ₮",Х. Ц***А,09:15:00,0001 УАР
405,"210,450,000 ₮","1,000,000 ₮",Б. С***Н,09:14:58,0001 УАР
404,"209,450,000 ₮","50,000 ₮",С. Г***Р,09:14:58,0001 УАР
403,"209,400,000 ₮","1,000,000 ₮",О. Б***Р,09:14:57,0001 УАР
402,"208,400,000 ₮","1,000,000 ₮",Х. Б***Р,09:14:56,0001 УАР
401,"207,400,000 ₮","50,000 ₮",Х. Ц***А,09:14:54,0001 УАР
400,"207,350,000 ₮","50,000 ₮",Г. У***Т,09:14:53,0001 УАР
399,"207,300,000 ₮","1,000,000 ₮",О. Б***Р,09:14:52,0001 УАР
398,"206,300,000 ₮","50,000 ₮",З. О***Т,09:14:51,0001 УАР
397,"206,250,000 ₮","1,000,000 ₮",Б. С***Н,09:14:49,0001 УАР
396,"205,250,000 ₮","50,000 ₮",Х. Ц***А,09:14:48,0001 УАР
395,"205,200,000 ₮","1,000,000 ₮",О. Б***Р,09:14:46,0001 УАР
394,"204,200,000 ₮","50,000 ₮",Д. О***Р,09:14:44,0001 УАР
393,"204,150,000 ₮","50,000 ₮",С. Г***Р,09:14:44,0001 УАР
392,"204,100,000 ₮","50,000 ₮",Х. Ц***А,09:14:42,0001 УАР
391,"204,050,000 ₮","1,000,000 ₮",О. Б***Р,09:14:39,0001 УАР
390,"203,050,000 ₮","50,000 ₮",Д. О***Р,09:14:38,0001 УАР
389,"203,000,000 ₮","50,000 ₮",Х. Ц***А,09:14:37,0001 УАР
388,"202,950,000 ₮","1,000,000 ₮",О. Б***Р,09:14:36,0001 УАР
387,"201,950,000 ₮","1,000,000 ₮",М. Б***Н,09:14:35,0001 УАР
386,"200,950,000 ₮","1,000,000 ₮",Б. С***Н,09:14:31,0001 УАР
385,"199,950,000 ₮","50,000 ₮",Х. Ц***А,09:14:31,0001 УАР
384,"199,900,000 ₮","1,000,000 ₮",О. Б***Р,09:14:31,0001 УАР
383,"198,900,000 ₮","50,000 ₮",Д. О***Р,09:14:31,0001 УАР
382,"198,850,000 ₮","50,000 ₮",Ч. Б***Т,09:14:29,0001 УАР
381,"198,800,000 ₮","50,000 ₮",Б. А***К,09:14:28,0001 УАР
380,"198,750,000 ₮","1,000,000 ₮",Ж. Б***Ү,09:14:27,0001 УАР
379,"197,750,000 ₮","50,000 ₮",Д. О***Р,09:14:25,0001 УАР
378,"197,700,000 ₮","50,000 ₮",Х. Ц***А,09:14:25,0001 УАР
377,"197,650,000 ₮","1,000,000 ₮",М. Б***Н,09:14:24,0001 УАР
376,"196,650,000 ₮","1,000,000 ₮",С. Г***Р,09:14:22,0001 УАР
375,"195,650,000 ₮","50,000 ₮",Д. О***Р,09:14:21,0001 УАР
374,"195,600,000 ₮","50,000 ₮",Х. Ц***А,09:14:17,0001 УАР
373,"195,550,000 ₮","1,000,000 ₮",Б. С***Н,09:14:13,0001 УАР
372,"194,550,000 ₮","50,000 ₮",С. Г***Р,09:14:12,0001 УАР
371,"194,500,000 ₮","50,000 ₮",Х. Ц***А,09:14:06,0001 УАР
370,"194,450,000 ₮","1,000,000 ₮",Д. Б***Р,09:14:02,0001 УАР
369,"193,450,000 ₮","50,000 ₮",Х. Ц***А,09:13:55,0001 УАР
368,"193,400,000 ₮","50,000 ₮",Д. Б***Р,09:13:55,0001 УАР
367,"193,350,000 ₮","1,000,000 ₮",М. Б***Н,09:13:51,0001 УАР
366,"192,350,000 ₮","50,000 ₮",Х. Ц***А,09:13:50,0001 УАР
365,"192,300,000 ₮","50,000 ₮",С. Г***Р,09:13:50,0001 УАР
364,"192,250,000 ₮","50,000 ₮",Ч. Б***Т,09:13:49,0001 УАР
363,"192,200,000 ₮","50,000 ₮",Х. Ц***А,09:13:28,0001 УАР
362,"192,150,000 ₮","50,000 ₮",Ч. Б***Т,09:13:25,0001 УАР
361,"192,100,000 ₮","50,000 ₮",Х. Ц***А,09:13:23,0001 УАР
360,"192,050,000 ₮","50,000 ₮",Д. О***Р,09:13:22,0001 УАР
359,"192,000,000 ₮","50,000 ₮",Ц. Б***Ж,09:13:21,0001 УАР
358,"191,950,000 ₮","50,000 ₮",Х. Ц***А,09:13:19,0001 УАР
357,"191,900,000 ₮","100,000 ₮",С. Г***Р,09:13:19,0001 УАР
356,"191,800,000 ₮","50,000 ₮",Д. О***Р,09:13:17,0001 УАР
355,"191,750,000 ₮","50,000 ₮",Х. Ц***А,09:13:15,0001 УАР
354,"191,700,000 ₮","50,000 ₮",Д. О***Р,09:13:13,0001 УАР
353,"191,650,000 ₮","50,000 ₮",Ж. Э***Д,09:13:01,0001 УАР
352,"191,600,000 ₮","50,000 ₮",Х. Ц***А,09:13:01,0001 УАР
351,"191,550,000 ₮","1,000,000 ₮",Я. Б***Ж,09:12:58,0001 УАР
350,"190,550,000 ₮","50,000 ₮",С. Г***Р,09:12:57,0001 УАР
349,"190,500,000 ₮","50,000 ₮",Х. Ц***А,09:12:55,0001 УАР
348,"190,450,000 ₮","100,000 ₮",Ж. Э***Д,09:12:50,0001 УАР
347,"190,350,000 ₮","1,000,000 ₮",О. Б***Р,09:12:48,0001 УАР
346,"189,350,000 ₮","50,000 ₮",С. Г***Р,09:12:42,0001 УАР
345,"189,300,000 ₮","1,000,000 ₮",О. Б***Р,09:12:41,0001 УАР
344,"188,300,000 ₮","50,000 ₮",З. О***Р,09:12:41,0001 УАР
343,"188,250,000 ₮","1,000,000 ₮",Х. Ц***А,09:12:41,0001 УАР
342,"187,250,000 ₮","300,000 ₮",Ж. Э***Д,09:12:38,0001 УАР
341,"186,950,000 ₮","1,000,000 ₮",О. Б***Р,09:12:29,0001 УАР
340,"185,950,000 ₮","1,000,000 ₮",Ж. Э***Д,09:12:26,0001 УАР
339,"184,950,000 ₮","1,000,000 ₮",О. Б***Р,09:12:17,0001 УАР
338,"183,950,000 ₮","1,000,000 ₮",Ч. Б***Т,09:12:16,0001 УАР
337,"182,950,000 ₮","50,000 ₮",С. Г***Р,09:12:16,0001 УАР
336,"182,900,000 ₮","1,000,000 ₮",Ж. Э***Д,09:12:14,0001 УАР
335,"181,900,000 ₮","1,000,000 ₮",О. Б***Р,09:12:08,0001 УАР
334,"180,900,000 ₮","50,000 ₮",Х. Ц***А,09:12:01,0001 УАР
333,"180,850,000 ₮","1,000,000 ₮",О. Б***Р,09:12:00,0001 УАР
332,"179,850,000 ₮","300,000 ₮",О. Д***Н,09:11:41,0001 УАР
331,"179,550,000 ₮","50,000 ₮",Д. О***Р,09:11:31,0001 УАР
330,"179,500,000 ₮","1,000,000 ₮",Ж. Б***Ү,09:11:26,0001 УАР
329,"178,500,000 ₮","50,000 ₮",Х. Ц***А,09:11:25,0001 УАР
328,"178,450,000 ₮","1,000,000 ₮",Ч. Б***Т,09:11:20,0001 УАР
327,"177,450,000 ₮","50,000 ₮",Х. Ц***А,09:11:13,0001 УАР
326,"177,400,000 ₮","100,000 ₮",С. Г***Р,09:11:05,0001 УАР
325,"177,300,000 ₮","50,000 ₮",О. Д***Н,09:11:03,0001 УАР
324,"177,250,000 ₮","500,000 ₮",Х. Ц***А,09:11:00,0001 УАР
323,"176,750,000 ₮","50,000 ₮",Д. О***Р,09:10:59,0001 УАР
322,"176,700,000 ₮","50,000 ₮",Д. Б***Р,09:10:50,0001 УАР
321,"176,650,000 ₮","50,000 ₮",Г. Э***Г,09:10:42,0001 УАР
320,"176,600,000 ₮","500,000 ₮",О. Б***Р,09:10:41,0001 УАР
319,"176,100,000 ₮","300,000 ₮",Ц. Б***Ж,09:10:34,0001 УАР
318,"175,800,000 ₮","1,000,000 ₮",О. Б***Р,09:10:27,0001 УАР
317,"174,800,000 ₮","500,000 ₮",Х. Ц***А,09:10:25,0001 УАР
316,"174,300,000 ₮","100,000 ₮",Р. А***А,09:10:23,0001 УАР
315,"174,200,000 ₮","1,000,000 ₮",О. Б***Р,09:10:11,0001 УАР
314,"173,200,000 ₮","300,000 ₮",С. Г***Р,09:10:11,0001 УАР
313,"172,900,000 ₮","300,000 ₮",Я. Б***Ж,09:10:11,0001 УАР
312,"172,600,000 ₮","1,000,000 ₮",Ч. Б***Т,09:10:10,0001 УАР
311,"171,600,000 ₮","1,000,000 ₮",Г. Э***Г,09:10:03,0001 УАР
310,"170,600,000 ₮","1,000,000 ₮",О. Б***Р,09:10:03,0001 УАР
309,"169,600,000 ₮","50,000 ₮",С. Г***Р,09:10:00,0001 УАР
308,"169,550,000 ₮","1,000,000 ₮",О. Б***Р,09:09:55,0001 УАР
307,"168,550,000 ₮","50,000 ₮",Б. Б***Р,09:09:55,0001 УАР
306,"168,500,000 ₮","1,000,000 ₮",Ж. Э***Д,09:09:50,0001 УАР
305,"167,500,000 ₮","50,000 ₮",О. Д***Н,09:09:49,0001 УАР
304,"167,450,000 ₮","1,000,000 ₮",О. Б***Р,09:09:45,0001 УАР
303,"166,450,000 ₮","50,000 ₮",С. Г***Р,09:09:41,0001 УАР
302,"166,400,000 ₮","1,000,000 ₮",О. Б***Р,09:09:40,0001 УАР
301,"165,400,000 ₮","1,000,000 ₮",Х. Ц***А,09:09:38,0001 УАР
300,"164,400,000 ₮","50,000 ₮",С. Э***Л,09:09:22,0001 УАР
299,"164,350,000 ₮","50,000 ₮",Э. Э***Р,09:09:19,0001 УАР
298,"164,300,000 ₮","50,000 ₮",Д. О***Р,09:09:16,0001 УАР
297,"164,250,000 ₮","50,000 ₮",Д. М***Н,09:09:12,0001 УАР
296,"164,200,000 ₮","500,000 ₮",О. Б***Р,09:09:04,0001 УАР
295,"163,700,000 ₮","50,000 ₮",Д. О***Р,09:08:57,0001 УАР
294,"163,650,000 ₮","500,000 ₮",О. Б***Р,09:08:56,0001 УАР
293,"163,150,000 ₮","1,000,000 ₮",Х. Ц***А,09:08:51,0001 УАР
292,"162,150,000 ₮","50,000 ₮",О. Д***Н,09:08:50,0001 УАР
291,"162,100,000 ₮","50,000 ₮",Д. О***Р,09:08:50,0001 УАР
290,"162,050,000 ₮","50,000 ₮",З. О***Р,09:08:45,0001 УАР
289,"162,000,000 ₮","50,000 ₮",Л. Н***Й,09:08:34,0001 УАР
288,"161,950,000 ₮","50,000 ₮",М. А***Р,09:08:25,0001 УАР
287,"161,900,000 ₮","500,000 ₮",Г. Э***Г,09:08:23,0001 УАР
286,"161,400,000 ₮","1,000,000 ₮",Х. Ц***А,09:08:14,0001 УАР
285,"160,400,000 ₮","100,000 ₮",Д. М***Н,09:08:03,0001 УАР
284,"160,300,000 ₮","50,000 ₮",Д. О***Р,09:08:02,0001 УАР
283,"160,250,000 ₮","1,000,000 ₮",Ч. Б***Т,09:08:02,0001 УАР
282,"159,250,000 ₮","100,000 ₮",М. А***Р,09:07:56,0001 УАР
281,"159,150,000 ₮","50,000 ₮",Г. Э***Г,09:07:51,0001 УАР
280,"159,100,000 ₮","50,000 ₮",Б. М***Э,09:07:47,0001 УАР
279,"159,050,000 ₮","100,000 ₮",О. Б***Р,09:07:44,0001 УАР
278,"158,950,000 ₮","50,000 ₮",Г. Г***Т,09:07:38,0001 УАР
277,"158,900,000 ₮","1,000,000 ₮",Д. Б***Р,09:07:37,0001 УАР
276,"157,900,000 ₮","500,000 ₮",И. Б***В,09:07:36,0001 УАР
275,"157,400,000 ₮","50,000 ₮",О. Д***Н,09:07:36,0001 УАР
274,"157,350,000 ₮","300,000 ₮",Ж. Б***Ү,09:07:32,0001 УАР
273,"157,050,000 ₮","50,000 ₮",Д. О***Р,09:07:29,0001 УАР
272,"157,000,000 ₮","50,000 ₮",Ц. Ө***Р,09:07:27,0001 УАР
271,"156,950,000 ₮","50,000 ₮",А. Б***Н,09:07:23,0001 УАР
270,"156,900,000 ₮","500,000 ₮",Х. Ц***А,09:07:22,0001 УАР
269,"156,400,000 ₮","1,000,000 ₮",Ж. Э***Д,09:07:12,0001 УАР
268,"155,400,000 ₮","500,000 ₮",Г. У***Т,09:07:11,0001 УАР
267,"154,900,000 ₮","50,000 ₮",Д. О***Р,09:07:09,0001 УАР
266,"154,850,000 ₮","500,000 ₮",Г. Ш***Г,09:07:01,0001 УАР
265,"154,350,000 ₮","300,000 ₮",Х. Ц***А,09:07:01,0001 УАР
264,"154,050,000 ₮","50,000 ₮",М. Х***Н,09:06:51,0001 УАР
263,"154,000,000 ₮","100,000 ₮",Д. М***Н,09:06:51,0001 УАР
262,"153,900,000 ₮","1,000,000 ₮",С. С***Н,09:06:50,0001 УАР
261,"152,900,000 ₮","1,000,000 ₮",Ж. Э***Д,09:06:50,0001 УАР
260,"151,900,000 ₮","500,000 ₮",Х. Ц***А,09:06:43,0001 УАР
259,"151,400,000 ₮","1,000,000 ₮",Ж. Э***Д,09:06:38,0001 УАР
258,"150,400,000 ₮","1,000,000 ₮",Д. Б***Р,09:06:37,0001 УАР
257,"149,400,000 ₮","500,000 ₮",Х. Ц***А,09:06:23,0001 УАР
256,"148,900,000 ₮","1,000,000 ₮",Ч. Б***Т,09:06:18,0001 УАР
255,"147,900,000 ₮","100,000 ₮",А. Ө***Л,09:06:16,0001 УАР
254,"147,800,000 ₮","50,000 ₮",Ц. О***Л,09:06:13,0001 УАР
253,"147,750,000 ₮","500,000 ₮",Г. Ш***Г,09:06:12,0001 УАР
252,"147,250,000 ₮","1,000,000 ₮",Д. Т***Г,09:06:11,0001 УАР
251,"146,250,000 ₮","50,000 ₮",Н. Т***Л,09:06:07,0001 УАР
250,"146,200,000 ₮","50,000 ₮",Б. М***Х,09:06:07,0001 УАР
249,"146,150,000 ₮","50,000 ₮",О. Д***Н,09:06:03,0001 УАР
248,"146,100,000 ₮","500,000 ₮",Г. А***А,09:05:55,0001 УАР
247,"145,600,000 ₮","300,000 ₮",Э. Э***Р,09:05:52,0001 УАР
246,"145,300,000 ₮","500,000 ₮",Х. Ц***А,09:05:43,0001 УАР
245,"144,800,000 ₮","300,000 ₮",Д. Э***Л,09:05:43,0001 УАР
244,"144,500,000 ₮","100,000 ₮",А. Ө***Л,09:05:42,0001 УАР
243,"144,400,000 ₮","50,000 ₮",Т. У***Р,09:05:41,0001 УАР
242,"144,350,000 ₮","1,000,000 ₮",Ц. О***Л,09:05:37,0001 УАР
241,"143,350,000 ₮","500,000 ₮",Д. Э***Л,09:05:28,0001 УАР
240,"142,850,000 ₮","50,000 ₮",О. Д***Н,09:05:26,0001 УАР
239,"142,800,000 ₮","500,000 ₮",Д. Э***Л,09:05:25,0001 УАР
238,"142,300,000 ₮","500,000 ₮",Х. Ц***А,09:05:25,0001 УАР
237,"141,800,000 ₮","50,000 ₮",Ж. Б***Ү,09:05:24,0001 УАР
236,"141,750,000 ₮","500,000 ₮",Д. Э***Л,09:05:24,0001 УАР
235,"141,250,000 ₮","500,000 ₮",Х. Ц***А,09:05:23,0001 УАР
234,"140,750,000 ₮","1,000,000 ₮",Д. Л***Н,09:05:18,0001 УАР
233,"139,750,000 ₮","50,000 ₮",Ч. Б***Т,09:05:13,0001 УАР
232,"139,700,000 ₮","1,000,000 ₮",Д. Э***Л,09:05:08,0001 УАР
231,"138,700,000 ₮","1,000,000 ₮",Х. Ц***А,09:05:07,0001 УАР
230,"137,700,000 ₮","50,000 ₮",Р. Т***Н,09:05:04,0001 УАР
229,"137,650,000 ₮","300,000 ₮",Д. Б***Р,09:05:02,0001 УАР
228,"137,350,000 ₮","1,000,000 ₮",Х. Ц***А,09:05:00,0001 УАР
227,"136,350,000 ₮","1,000,000 ₮",Г. А***А,09:04:50,0001 УАР
226,"135,350,000 ₮","100,000 ₮",М. А***Р,09:04:45,0001 УАР
225,"135,250,000 ₮","50,000 ₮",Э. Б***Л,09:04:40,0001 УАР
224,"135,200,000 ₮","50,000 ₮",Ж. Э***Д,09:04:38,0001 УАР
223,"135,150,000 ₮","50,000 ₮",Д. О***Р,09:04:35,0001 УАР
222,"135,100,000 ₮","1,000,000 ₮",Х. Ц***А,09:04:32,0001 УАР
221,"134,100,000 ₮","300,000 ₮",О. Б***Р,09:04:29,0001 УАР
220,"133,800,000 ₮","50,000 ₮",А. М***Г,09:04:27,0001 УАР
219,"133,750,000 ₮","50,000 ₮",Д. О***Р,09:04:21,0001 УАР
218,"133,700,000 ₮","100,000 ₮",Э. Э***Р,09:04:20,0001 УАР
217,"133,600,000 ₮","500,000 ₮",Г. У***Т,09:04:16,0001 УАР
216,"133,100,000 ₮","50,000 ₮",О. Д***Н,09:04:13,0001 УАР
215,"133,050,000 ₮","1,000,000 ₮",М. Б***Н,09:04:10,0001 УАР
214,"132,050,000 ₮","50,000 ₮",Д. О***Р,09:04:07,0001 УАР
213,"132,000,000 ₮","500,000 ₮",Б. Б***Л,09:04:05,0001 УАР
212,"131,500,000 ₮","1,000,000 ₮",Д. Э***Л,09:04:03,0001 УАР
211,"130,500,000 ₮","1,000,000 ₮",Ж. Б***Ү,09:04:02,0001 УАР
210,"129,500,000 ₮","50,000 ₮",Д. О***Р,09:03:53,0001 УАР
209,"129,450,000 ₮","100,000 ₮",М. А***Р,09:03:52,0001 УАР
208,"129,350,000 ₮","300,000 ₮",Б. А***А,09:03:50,0001 УАР
207,"129,050,000 ₮","100,000 ₮",Г. Ц***М,09:03:49,0001 УАР
206,"128,950,000 ₮","1,000,000 ₮",Д. Э***Л,09:03:48,0001 УАР
205,"127,950,000 ₮","100,000 ₮",Г. Ц***М,09:03:45,0001 УАР
204,"127,850,000 ₮","50,000 ₮",Д. О***Р,09:03:45,0001 УАР
203,"127,800,000 ₮","50,000 ₮",Ц. Б***Х,09:03:41,0001 УАР
202,"127,750,000 ₮","100,000 ₮",Д. О***Р,09:03:37,0001 УАР
201,"127,650,000 ₮","100,000 ₮",С. Э***Р,09:03:35,0001 УАР
200,"127,550,000 ₮","50,000 ₮",Ж. Э***Д,09:03:35,0001 УАР
199,"127,500,000 ₮","50,000 ₮",Ц. Б***Х,09:03:34,0001 УАР
198,"127,450,000 ₮","1,000,000 ₮",Д. Э***Л,09:03:33,0001 УАР
197,"126,450,000 ₮","300,000 ₮",Г. Ц***М,09:03:28,0001 УАР
196,"126,150,000 ₮","1,000,000 ₮",Э. Ө***Р,09:03:27,0001 УАР
195,"125,150,000 ₮","100,000 ₮",Д. О***Р,09:03:26,0001 УАР
194,"125,050,000 ₮","1,000,000 ₮",Д. Э***Л,09:03:24,0001 УАР
193,"124,050,000 ₮","1,000,000 ₮",Д. Б***Р,09:03:22,0001 УАР
192,"123,050,000 ₮","1,000,000 ₮",Г. У***Т,09:03:22,0001 УАР
191,"122,050,000 ₮","300,000 ₮",О. Д***Н,09:03:22,0001 УАР
190,"121,750,000 ₮","300,000 ₮",Г. Ц***М,09:03:21,0001 УАР
189,"121,450,000 ₮","1,000,000 ₮",Э. Ө***Р,09:03:18,0001 УАР
188,"120,450,000 ₮","1,000,000 ₮",Д. Э***Л,09:03:18,0001 УАР
187,"119,450,000 ₮","1,000,000 ₮",О. Б***Р,09:03:18,0001 УАР
186,"118,450,000 ₮","1,000,000 ₮",Ч. Б***Т,09:03:16,0001 УАР
185,"117,450,000 ₮","300,000 ₮",Г. Ц***М,09:03:14,0001 УАР
184,"117,150,000 ₮","50,000 ₮",Ж. Э***Д,09:03:14,0001 УАР
183,"117,100,000 ₮","500,000 ₮",Ж. Б***Ү,09:03:12,0001 УАР
182,"116,600,000 ₮","1,000,000 ₮",Д. Э***Л,09:03:10,0001 УАР
181,"115,600,000 ₮","100,000 ₮",Д. О***Р,09:03:07,0001 УАР
180,"115,500,000 ₮","100,000 ₮",Г. Ц***М,09:03:07,0001 УАР
179,"115,400,000 ₮","100,000 ₮",М. А***Р,09:03:03,0001 УАР
178,"115,300,000 ₮","1,000,000 ₮",Ц. О***Л,09:03:01,0001 УАР
177,"114,300,000 ₮","100,000 ₮",Д. О***Р,09:03:01,0001 УАР
176,"114,200,000 ₮","1,000,000 ₮",Д. Э***Л,09:02:58,0001 УАР
175,"113,200,000 ₮","50,000 ₮",Д. О***Н,09:02:57,0001 УАР
174,"113,150,000 ₮","100,000 ₮",Д. О***Р,09:02:53,0001 УАР
173,"113,050,000 ₮","1,000,000 ₮",Д. Э***Л,09:02:51,0001 УАР
172,"112,050,000 ₮","1,000,000 ₮",Г. У***Т,09:02:48,0001 УАР
171,"111,050,000 ₮","100,000 ₮",Д. О***Р,09:02:48,0001 УАР
170,"110,950,000 ₮","100,000 ₮",Б. Б***Л,09:02:47,0001 УАР
169,"110,850,000 ₮","100,000 ₮",М. А***Р,09:02:46,0001 УАР
168,"110,750,000 ₮","100,000 ₮",Э. Э***Р,09:02:44,0001 УАР
167,"110,650,000 ₮","500,000 ₮",Б. А***Н,09:02:44,0001 УАР
166,"110,150,000 ₮","1,000,000 ₮",Д. Э***Л,09:02:43,0001 УАР
165,"109,150,000 ₮","50,000 ₮",Ж. Э***Д,09:02:42,0001 УАР
164,"109,100,000 ₮","100,000 ₮",Д. О***Р,09:02:41,0001 УАР
163,"109,000,000 ₮","500,000 ₮",И. Б***В,09:02:40,0001 УАР
162,"108,500,000 ₮","500,000 ₮",Г. У***Т,09:02:39,0001 УАР
161,"108,000,000 ₮","50,000 ₮",Ж. Э***Д,09:02:39,0001 УАР
160,"107,950,000 ₮","1,000,000 ₮",Д. Э***Л,09:02:38,0001 УАР
159,"106,950,000 ₮","50,000 ₮",Н. О***Р,09:02:37,0001 УАР
158,"106,900,000 ₮","50,000 ₮",О. Б***Н,09:02:36,0001 УАР
157,"106,850,000 ₮","50,000 ₮",Ж. Э***Д,09:02:35,0001 УАР
156,"106,800,000 ₮","300,000 ₮",Г. У***Т,09:02:35,0001 УАР
155,"106,500,000 ₮","100,000 ₮",Д. О***Р,09:02:33,0001 УАР
154,"106,400,000 ₮","500,000 ₮",Б. А***Н,09:02:32,0001 УАР
153,"105,900,000 ₮","50,000 ₮",Ц. Б***Х,09:02:28,0001 УАР
152,"105,850,000 ₮","500,000 ₮",Б. А***Н,09:02:27,0001 УАР
151,"105,350,000 ₮","50,000 ₮",О. Б***Р,09:02:24,0001 УАР
150,"105,300,000 ₮","500,000 ₮",Б. А***Н,09:02:24,0001 УАР
149,"104,800,000 ₮","100,000 ₮",Д. О***Р,09:02:22,0001 УАР
148,"104,700,000 ₮","100,000 ₮",М. А***Р,09:02:21,0001 УАР
147,"104,600,000 ₮","1,000,000 ₮",Д. Э***Л,09:02:15,0001 УАР
146,"103,600,000 ₮","1,000,000 ₮",А. М***Р,09:02:15,0001 УАР
145,"102,600,000 ₮","500,000 ₮",Д. Т***Г,09:02:15,0001 УАР
144,"102,100,000 ₮","500,000 ₮",Б. А***Н,09:02:12,0001 УАР
143,"101,600,000 ₮","1,000,000 ₮",Э. Э***Р,09:02:10,0001 УАР
142,"100,600,000 ₮","100,000 ₮",Б. А***А,09:02:10,0001 УАР
141,"100,500,000 ₮","100,000 ₮",Ч. Б***Т,09:02:08,0001 УАР
140,"100,400,000 ₮","1,000,000 ₮",Д. О***Р,09:02:07,0001 УАР
139,"99,400,000 ₮","500,000 ₮",Б. А***Н,09:02:03,0001 УАР
138,"98,900,000 ₮","1,000,000 ₮",Д. Э***Л,09:02:03,0001 УАР
137,"97,900,000 ₮","1,000,000 ₮",Ц. О***Л,09:02:03,0001 УАР
136,"96,900,000 ₮","100,000 ₮",М. А***Р,09:01:59,0001 УАР
135,"96,800,000 ₮","50,000 ₮",Ж. Э***Д,09:01:59,0001 УАР
134,"96,750,000 ₮","100,000 ₮",М. А***Р,09:01:59,0001 УАР
133,"96,650,000 ₮","1,000,000 ₮",Ц. О***Л,09:01:58,0001 УАР
132,"95,650,000 ₮","500,000 ₮",Б. А***Н,09:01:56,0001 УАР
131,"95,150,000 ₮","1,000,000 ₮",Д. Э***Л,09:01:53,0001 УАР
130,"94,150,000 ₮","1,000,000 ₮",Э. Э***Р,09:01:52,0001 УАР
129,"93,150,000 ₮","500,000 ₮",Б. А***Н,09:01:51,0001 УАР
128,"92,650,000 ₮","1,000,000 ₮",Д. О***Р,09:01:48,0001 УАР
127,"91,650,000 ₮","100,000 ₮",М. А***Р,09:01:47,0001 УАР
126,"91,550,000 ₮","1,000,000 ₮",Д. Э***Л,09:01:46,0001 УАР
125,"90,550,000 ₮","1,000,000 ₮",Б. А***Н,09:01:45,0001 УАР
124,"89,550,000 ₮","1,000,000 ₮",Ц. О***Л,09:01:42,0001 УАР
123,"88,550,000 ₮","1,000,000 ₮",Б. А***Н,09:01:41,0001 УАР
122,"87,550,000 ₮","1,000,000 ₮",Д. Э***Л,09:01:40,0001 УАР
121,"86,550,000 ₮","1,000,000 ₮",Д. О***Р,09:01:40,0001 УАР
120,"85,550,000 ₮","50,000 ₮",А. М***Х,09:01:39,0001 УАР
119,"85,500,000 ₮","1,000,000 ₮",Д. Э***Л,09:01:38,0001 УАР
118,"84,500,000 ₮","50,000 ₮",А. Б***А,09:01:37,0001 УАР
117,"84,450,000 ₮","1,000,000 ₮",Б. А***Н,09:01:36,0001 УАР
116,"83,450,000 ₮","50,000 ₮",Ч. Б***Т,09:01:35,0001 УАР
115,"83,400,000 ₮","500,000 ₮",Д. Т***Г,09:01:35,0001 УАР
114,"82,900,000 ₮","1,000,000 ₮",Д. О***Н,09:01:33,0001 УАР
113,"81,900,000 ₮","1,000,000 ₮",Д. Э***Л,09:01:32,0001 УАР
112,"80,900,000 ₮","500,000 ₮",Ц. Б***Х,09:01:31,0001 УАР
111,"80,400,000 ₮","100,000 ₮",Д. О***Р,09:01:30,0001 УАР
110,"80,300,000 ₮","500,000 ₮",А. М***Р,09:01:28,0001 УАР
109,"79,800,000 ₮","1,000,000 ₮",Б. А***Н,09:01:28,0001 УАР
108,"78,800,000 ₮","1,000,000 ₮",Э. Ө***Р,09:01:22,0001 УАР
107,"77,800,000 ₮","1,000,000 ₮",Д. Э***Л,09:01:18,0001 УАР
106,"76,800,000 ₮","100,000 ₮",П. Ц***Х,09:01:18,0001 УАР
105,"76,700,000 ₮","1,000,000 ₮",Г. Т***Л,09:01:18,0001 УАР
104,"75,700,000 ₮","300,000 ₮",Д. О***Н,09:01:16,0001 УАР
103,"75,400,000 ₮","1,000,000 ₮",Ж. Б***Ү,09:01:16,0001 УАР
102,"74,400,000 ₮","1,000,000 ₮",Б. А***Н,09:01:15,0001 УАР
101,"73,400,000 ₮","1,000,000 ₮",Т. Т***Х,09:01:14,0001 УАР
100,"72,400,000 ₮","300,000 ₮",Д. О***Н,09:01:14,0001 УАР
99,"72,100,000 ₮","1,000,000 ₮",Д. Э***Л,09:01:12,0001 УАР
98,"71,100,000 ₮","300,000 ₮",Д. О***Н,09:01:10,0001 УАР
97,"70,800,000 ₮","1,000,000 ₮",Ц. Б***Х,09:01:10,0001 УАР
96,"69,800,000 ₮","100,000 ₮",Д. О***Р,09:01:09,0001 УАР
95,"69,700,000 ₮","100,000 ₮",Д. О***Н,09:01:09,0001 УАР
94,"69,600,000 ₮","1,000,000 ₮",Ж. Д***Н,09:01:07,0001 УАР
93,"68,600,000 ₮","500,000 ₮",Б. А***А,09:01:06,0001 УАР
92,"68,100,000 ₮","1,000,000 ₮",Д. Э***Л,09:01:05,0001 УАР
91,"67,100,000 ₮","1,000,000 ₮",Э. Ө***Р,09:01:04,0001 УАР
90,"66,100,000 ₮","1,000,000 ₮",Б. А***Н,09:01:03,0001 УАР
89,"65,100,000 ₮","500,000 ₮",Ц. Б***Х,09:01:00,0001 УАР
88,"64,600,000 ₮","1,000,000 ₮",Б. А***Н,09:01:00,0001 УАР
87,"63,600,000 ₮","1,000,000 ₮",Э. Э***Р,09:01:00,0001 УАР
86,"62,600,000 ₮","1,000,000 ₮",Д. Э***Л,09:00:58,0001 УАР
85,"61,600,000 ₮","1,000,000 ₮",Б. А***Н,09:00:58,0001 УАР
84,"60,600,000 ₮","1,000,000 ₮",Э. Ө***Р,09:00:55,0001 УАР
83,"59,600,000 ₮","1,000,000 ₮",Б. А***Н,09:00:55,0001 УАР
82,"58,600,000 ₮","500,000 ₮",Я. Б***Ж,09:00:55,0001 УАР
81,"58,100,000 ₮","1,000,000 ₮",Б. А***Н,09:00:54,0001 УАР
80,"57,100,000 ₮","500,000 ₮",Ц. Б***Х,09:00:54,0001 УАР
79,"56,600,000 ₮","100,000 ₮",Н. Б***Л,09:00:52,0001 УАР
78,"56,500,000 ₮","1,000,000 ₮",Б. А***Н,09:00:52,0001 УАР
77,"55,500,000 ₮","50,000 ₮",Д. О***Н,09:00:51,0001 УАР
76,"55,450,000 ₮","1,000,000 ₮",Д. Б***Р,09:00:51,0001 УАР
75,"54,450,000 ₮","100,000 ₮",М. А***Р,09:00:50,0001 УАР
74,"54,350,000 ₮","1,000,000 ₮",Б. А***Н,09:00:49,0001 УАР
73,"53,350,000 ₮","50,000 ₮",Д. О***Н,09:00:49,0001 УАР
72,"53,300,000 ₮","1,000,000 ₮",Д. Э***Л,09:00:48,0001 УАР
71,"52,300,000 ₮","1,000,000 ₮",Х. Э***Э,09:00:48,0001 УАР
70,"51,300,000 ₮","50,000 ₮",Г. Д***М,09:00:47,0001 УАР
69,"51,250,000 ₮","1,000,000 ₮",Б. А***Н,09:00:46,0001 УАР
68,"50,250,000 ₮","1,000,000 ₮",Ц. Б***Х,09:00:46,0001 УАР
67,"49,250,000 ₮","1,000,000 ₮",Э. Ц***Х,09:00:45,0001 УАР
66,"48,250,000 ₮","1,000,000 ₮",Э. Э***Р,09:00:45,0001 УАР
65,"47,250,000 ₮","500,000 ₮",Х. Э***Э,09:00:43,0001 УАР
64,"46,750,000 ₮","1,000,000 ₮",Б. А***Н,09:00:41,0001 УАР
63,"45,750,000 ₮","1,000,000 ₮",Э. Ө***Р,09:00:41,0001 УАР
62,"44,750,000 ₮","500,000 ₮",А. М***Р,09:00:39,0001 УАР
61,"44,250,000 ₮","1,000,000 ₮",Т. Т***Х,09:00:39,0001 УАР
60,"43,250,000 ₮","1,000,000 ₮",Ц. Б***Х,09:00:39,0001 УАР
59,"42,250,000 ₮","1,000,000 ₮",Б. А***Н,09:00:38,0001 УАР
58,"41,250,000 ₮","500,000 ₮",А. М***Р,09:00:38,0001 УАР
57,"40,750,000 ₮","1,000,000 ₮",М. Б***Н,09:00:38,0001 УАР
56,"39,750,000 ₮","1,000,000 ₮",Э. Э***Р,09:00:38,0001 УАР
55,"38,750,000 ₮","50,000 ₮",Г. Д***М,09:00:37,0001 УАР
54,"38,700,000 ₮","1,000,000 ₮",Д. Т***Г,09:00:36,0001 УАР
53,"37,700,000 ₮","1,000,000 ₮",Э. Ө***Р,09:00:35,0001 УАР
52,"36,700,000 ₮","1,000,000 ₮",Б. Б***Н,09:00:35,0001 УАР
51,"35,700,000 ₮","1,000,000 ₮",Б. А***Н,09:00:35,0001 УАР
50,"34,700,000 ₮","500,000 ₮",Э. Э***Р,09:00:34,0001 УАР
49,"34,200,000 ₮","1,000,000 ₮",Б. А***Н,09:00:32,0001 УАР
48,"33,200,000 ₮","50,000 ₮",А. М***Х,09:00:31,0001 УАР
47,"33,150,000 ₮","50,000 ₮",Г. Д***М,09:00:31,0001 УАР
46,"33,100,000 ₮","1,000,000 ₮",Э. Ө***Р,09:00:31,0001 УАР
45,"32,100,000 ₮","1,000,000 ₮",Ц. Б***Х,09:00:30,0001 УАР
44,"31,100,000 ₮","1,000,000 ₮",Т. Т***Х,09:00:30,0001 УАР
43,"30,100,000 ₮","100,000 ₮",Д. Б***Р,09:00:28,0001 УАР
42,"30,000,000 ₮","1,000,000 ₮",Б. А***Н,09:00:25,0001 УАР
41,"29,000,000 ₮","1,000,000 ₮",Э. Ө***Р,09:00:24,0001 УАР
40,"28,000,000 ₮","100,000 ₮",М. А***Р,09:00:24,0001 УАР
39,"27,900,000 ₮","1,000,000 ₮",А. М***Р,09:00:24,0001 УАР
38,"26,900,000 ₮","50,000 ₮",Г. Д***М,09:00:23,0001 УАР
37,"26,850,000 ₮","1,000,000 ₮",Б. А***Н,09:00:23,0001 УАР
36,"25,850,000 ₮","50,000 ₮",Н. Т***Л,09:00:23,0001 УАР
35,"25,800,000 ₮","1,000,000 ₮",Ц. Б***Х,09:00:23,0001 УАР
34,"24,800,000 ₮","1,000,000 ₮",Т. Б***А,09:00:22,0001 УАР
33,"23,800,000 ₮","1,000,000 ₮",Б. А***Н,09:00:22,0001 УАР
32,"22,800,000 ₮","100,000 ₮",Х. Э***Э,09:00:21,0001 УАР
31,"22,700,000 ₮","1,000,000 ₮",Б. А***Н,09:00:20,0001 УАР
30,"21,700,000 ₮","50,000 ₮",Д. Т***Г,09:00:20,0001 УАР
29,"21,650,000 ₮","50,000 ₮",А. М***Х,09:00:20,0001 УАР
28,"21,600,000 ₮","1,000,000 ₮",Э. Ө***Р,09:00:20,0001 УАР
27,"20,600,000 ₮","1,000,000 ₮",Б. А***Н,09:00:19,0001 УАР
26,"19,600,000 ₮","1,000,000 ₮",Т. Б***А,09:00:17,0001 УАР
25,"18,600,000 ₮","1,000,000 ₮",Б. А***Н,09:00:17,0001 УАР
24,"17,600,000 ₮","50,000 ₮",Г. Д***М,09:00:16,0001 УАР
23,"17,550,000 ₮","1,000,000 ₮",Б. А***Н,09:00:15,0001 УАР
22,"16,550,000 ₮","50,000 ₮",Ч. А***А,09:00:15,0001 УАР
21,"16,500,000 ₮","1,000,000 ₮",Б. О***Р,09:00:15,0001 УАР
20,"15,500,000 ₮","500,000 ₮",Р. Н***Р,09:00:15,0001 УАР
19,"15,000,000 ₮","1,000,000 ₮",М. А***Р,09:00:15,0001 УАР
18,"14,000,000 ₮","1,000,000 ₮",Б. А***Н,09:00:14,0001 УАР
17,"13,000,000 ₮","1,000,000 ₮",Г. Г***А,09:00:13,0001 УАР
16,"12,000,000 ₮","1,000,000 ₮",Э. Ө***Р,09:00:12,0001 УАР
15,"11,000,000 ₮","1,000,000 ₮",Л. Г***А,09:00:12,0001 УАР
14,"10,000,000 ₮","100,000 ₮",Ж. Б***Ү,09:00:11,0001 УАР
13,"9,900,000 ₮","1,000,000 ₮",Э. Ө***Р,09:00:11,0001 УАР
12,"8,900,000 ₮","1,000,000 ₮",Г. Ц***М,09:00:11,0001 УАР
11,"7,900,000 ₮","1,000,000 ₮",Б. А***Н,09:00:11,0001 УАР
10,"6,900,000 ₮","500,000 ₮",Т. Б***А,09:00:11,0001 УАР
9,"6,400,000 ₮","1,000,000 ₮",Э. Ө***Р,09:00:10,0001 УАР
8,"5,400,000 ₮","300,000 ₮",Р. Н***Р,09:00:10,0001 УАР
7,"5,100,000 ₮","1,000,000 ₮",Э. Ө***Р,09:00:10,0001 УАР
6,"4,100,000 ₮","50,000 ₮",Б. Б***Т,09:00:10,0001 УАР
5,"4,050,000 ₮","1,000,000 ₮",Э. Ө***Р,09:00:10,0001 УАР
4,"3,050,000 ₮","1,000,000 ₮",Б. А***Н,09:00:09,0001 УАР
3,"2,050,000 ₮","1,000,000 ₮",Д. Л***Н,09:00:08,0001 УАР
2,"1,050,000 ₮","50,000 ₮",Ц. Л***Н,09:00:08,0001 УАР
1,"1,000,000 ₮","1,000,000 ₮",Э. Ц***Х,09:00:06,0001 УАР
133,"70,900,000 ₮","50,000 ₮",М. Б***Ж,09:38:17,0011 УАР
132,"70,850,000 ₮","50,000 ₮",Ж. Б***Ү,09:36:41,0011 УАР
131,"70,800,000 ₮","50,000 ₮",М. Б***Ж,09:34:44,0011 УАР
130,"70,750,000 ₮","50,000 ₮",Б. Б***Р,09:32:55,0011 УАР
129,"70,700,000 ₮","50,000 ₮",М. Б***Ж,09:32:22,0011 УАР
128,"70,650,000 ₮","1,000,000 ₮",Б. П***А,09:31:48,0011 УАР
127,"69,650,000 ₮","1,000,000 ₮",С. Л***Л,09:31:41,0011 УАР
126,"68,650,000 ₮","1,000,000 ₮",Б. П***А,09:31:39,0011 УАР
125,"67,650,000 ₮","1,000,000 ₮",С. Л***Л,09:31:28,0011 УАР
124,"66,650,000 ₮","50,000 ₮",М. Б***Ж,09:31:18,0011 УАР
123,"66,600,000 ₮","1,000,000 ₮",Б. Б***Р,09:30:51,0011 УАР
122,"65,600,000 ₮","50,000 ₮",М. Б***Ж,09:30:16,0011 УАР
121,"65,550,000 ₮","1,000,000 ₮",С. У***Р,09:29:17,0011 УАР
120,"64,550,000 ₮","1,000,000 ₮",Б. П***А,09:29:03,0011 УАР
119,"63,550,000 ₮","1,000,000 ₮",С. У***Р,09:29:00,0011 УАР
118,"62,550,000 ₮","50,000 ₮",Б. Д***Л,09:28:59,0011 УАР
117,"62,500,000 ₮","50,000 ₮",Б. П***А,09:28:45,0011 УАР
116,"62,450,000 ₮","50,000 ₮",Х. О***Г,09:28:38,0011 УАР
115,"62,400,000 ₮","1,000,000 ₮",Б. Б***Р,09:26:53,0011 УАР
114,"61,400,000 ₮","100,000 ₮",Т. Э***Р,09:25:55,0011 УАР
113,"61,300,000 ₮","1,000,000 ₮",Б. П***А,09:25:32,0011 УАР
112,"60,300,000 ₮","50,000 ₮",Т. Э***Р,09:25:01,0011 УАР
111,"60,250,000 ₮","1,000,000 ₮",Б. Д***Л,09:24:35,0011 УАР
110,"59,250,000 ₮","1,000,000 ₮",С. Л***Л,09:24:21,0011 УАР
109,"58,250,000 ₮","50,000 ₮",Б. П***А,09:24:18,0011 УАР
108,"58,200,000 ₮","500,000 ₮",С. Л***Л,09:24:13,0011 УАР
107,"57,700,000 ₮","1,000,000 ₮",Б. П***А,09:24:03,0011 УАР
106,"56,700,000 ₮","1,000,000 ₮",С. Л***Л,09:23:58,0011 УАР
105,"55,700,000 ₮","1,000,000 ₮",Б. П***А,09:23:55,0011 УАР
104,"54,700,000 ₮","1,000,000 ₮",М. Б***Ж,09:23:49,0011 УАР
103,"53,700,000 ₮","1,000,000 ₮",С. Л***Л,09:23:48,0011 УАР
102,"52,700,000 ₮","1,000,000 ₮",Б. П***А,09:23:46,0011 УАР
101,"51,700,000 ₮","1,000,000 ₮",С. Л***Л,09:23:45,0011 УАР
100,"50,700,000 ₮","1,000,000 ₮",Б. Д***Л,09:23:41,0011 УАР
99,"49,700,000 ₮","1,000,000 ₮",С. Л***Л,09:23:32,0011 УАР
98,"48,700,000 ₮","50,000 ₮",Ж. Б***Ү,09:23:27,0011 УАР
97,"48,650,000 ₮","50,000 ₮",Х. О***Г,09:23:13,0011 УАР
96,"48,600,000 ₮","50,000 ₮",Б. Б***Р,09:21:47,0011 УАР
95,"48,550,000 ₮","50,000 ₮",М. Б***Ж,09:21:35,0011 УАР
94,"48,500,000 ₮","1,000,000 ₮",С. Л***Л,09:21:34,0011 УАР
93,"47,500,000 ₮","1,000,000 ₮",Б. Б***Р,09:20:16,0011 УАР
92,"46,500,000 ₮","50,000 ₮",Д. Б***Д,09:19:29,0011 УАР
91,"46,450,000 ₮","50,000 ₮",Б. П***А,09:19:21,0011 УАР
90,"46,400,000 ₮","50,000 ₮",М. Б***Ж,09:19:03,0011 УАР
89,"46,350,000 ₮","1,000,000 ₮",Д. Б***Д,09:17:29,0011 УАР
88,"45,350,000 ₮","50,000 ₮",Б. П***А,09:17:01,0011 УАР
87,"45,300,000 ₮","50,000 ₮",С. Л***Л,09:16:57,0011 УАР
86,"45,250,000 ₮","100,000 ₮",Д. Б***Д,09:16:51,0011 УАР
85,"45,150,000 ₮","100,000 ₮",С. У***Р,09:16:05,0011 УАР
84,"45,050,000 ₮","100,000 ₮",Д. Б***Д,09:15:12,0011 УАР
83,"44,950,000 ₮","1,000,000 ₮",Б. П***А,09:15:01,0011 УАР
82,"43,950,000 ₮","300,000 ₮",С. Л***Л,09:14:40,0011 УАР
81,"43,650,000 ₮","500,000 ₮",Д. Б***Р,09:14:09,0011 УАР
80,"43,150,000 ₮","500,000 ₮",Д. Б***Д,09:13:59,0011 УАР
79,"42,650,000 ₮","100,000 ₮",Б. П***А,09:12:56,0011 УАР
78,"42,550,000 ₮","50,000 ₮",Б. М***Э,09:11:45,0011 УАР
77,"42,500,000 ₮","50,000 ₮",Д. Б***Р,09:11:36,0011 УАР
76,"42,450,000 ₮","500,000 ₮",П. Д***Н,09:11:27,0011 УАР
75,"41,950,000 ₮","50,000 ₮",Д. С***Р,09:11:14,0011 УАР
74,"41,900,000 ₮","1,000,000 ₮",Т. Э***Р,09:10:55,0011 УАР
73,"40,900,000 ₮","300,000 ₮",Э. Ц***Ш,09:10:43,0011 УАР
72,"40,600,000 ₮","1,000,000 ₮",Б. П***А,09:10:31,0011 УАР
71,"39,600,000 ₮","1,000,000 ₮",Б. Б***Р,09:10:06,0011 УАР
70,"38,600,000 ₮","100,000 ₮",Д. Б***Р,09:09:57,0011 УАР
69,"38,500,000 ₮","500,000 ₮",Т. Э***Р,09:09:33,0011 УАР
68,"38,000,000 ₮","1,000,000 ₮",Б. Д***Л,09:09:20,0011 УАР
67,"37,000,000 ₮","100,000 ₮",Д. Б***Р,09:09:08,0011 УАР
66,"36,900,000 ₮","1,000,000 ₮",Б. П***А,09:09:03,0011 УАР
65,"35,900,000 ₮","50,000 ₮",Б. Б***Р,09:09:00,0011 УАР
64,"35,850,000 ₮","50,000 ₮",Н. Э***Г,09:08:13,0011 УАР
63,"35,800,000 ₮","1,000,000 ₮",Б. П***А,09:08:10,0011 УАР
62,"34,800,000 ₮","1,000,000 ₮",С. Л***Л,09:07:36,0011 УАР
61,"33,800,000 ₮","1,000,000 ₮",Д. Б***Р,09:07:23,0011 УАР
60,"32,800,000 ₮","1,000,000 ₮",З. Х***Р,09:07:11,0011 УАР
59,"31,800,000 ₮","1,000,000 ₮",Б. П***А,09:06:57,0011 УАР
58,"30,800,000 ₮","300,000 ₮",Д. Б***Р,09:06:56,0011 УАР
57,"30,500,000 ₮","100,000 ₮",Ж. Б***Ү,09:06:49,0011 УАР
56,"30,400,000 ₮","1,000,000 ₮",Б. Б***Р,09:06:34,0011 УАР
55,"29,400,000 ₮","1,000,000 ₮",Д. Б***Д,09:06:18,0011 УАР
54,"28,400,000 ₮","100,000 ₮",С. Л***Л,09:06:00,0011 УАР
53,"28,300,000 ₮","50,000 ₮",Н. Э***Г,09:05:40,0011 УАР
52,"28,250,000 ₮","1,000,000 ₮",С. Л***Л,09:05:35,0011 УАР
51,"27,250,000 ₮","100,000 ₮",Д. Б***Р,09:05:30,0011 УАР
50,"27,150,000 ₮","500,000 ₮",Д. Б***Д,09:05:15,0011 УАР
49,"26,650,000 ₮","50,000 ₮",Н. Э***Г,09:05:11,0011 УАР
48,"26,600,000 ₮","1,000,000 ₮",Т. Э***Р,09:05:08,0011 УАР
47,"25,600,000 ₮","500,000 ₮",Д. Б***Д,09:05:06,0011 УАР
46,"25,100,000 ₮","50,000 ₮",Б. П***А,09:04:58,0011 УАР
45,"25,050,000 ₮","50,000 ₮",Р. Т***Н,09:04:51,0011 УАР
44,"25,000,000 ₮","1,000,000 ₮",Б. М***Э,09:04:48,0011 УАР
43,"24,000,000 ₮","1,000,000 ₮",Т. Э***Р,09:04:39,0011 УАР
42,"23,000,000 ₮","500,000 ₮",Б. М***Э,09:04:36,0011 УАР
41,"22,500,000 ₮","50,000 ₮",Б. П***А,09:04:30,0011 УАР
40,"22,450,000 ₮","50,000 ₮",Б. М***Э,09:04:25,0011 УАР
39,"22,400,000 ₮","50,000 ₮",З. Х***Р,09:04:16,0011 УАР
38,"22,350,000 ₮","50,000 ₮",Н. Э***Г,09:04:14,0011 УАР
37,"22,300,000 ₮","50,000 ₮",Б. П***А,09:03:56,0011 УАР
36,"22,250,000 ₮","300,000 ₮",Д. Б***Д,09:03:29,0011 УАР
35,"21,950,000 ₮","1,000,000 ₮",Б. П***А,09:03:13,0011 УАР
34,"20,950,000 ₮","1,000,000 ₮",Б. М***Э,09:02:44,0011 УАР
33,"19,950,000 ₮","1,000,000 ₮",Д. Б***Д,09:02:34,0011 УАР
32,"18,950,000 ₮","1,000,000 ₮",Б. М***Э,09:01:56,0011 УАР
31,"17,950,000 ₮","500,000 ₮",Т. Э***Р,09:01:50,0011 УАР
30,"17,450,000 ₮","1,000,000 ₮",Б. М***Э,09:01:45,0011 УАР
29,"16,450,000 ₮","100,000 ₮",Т. Э***Р,09:01:41,0011 УАР
28,"16,350,000 ₮","1,000,000 ₮",Б. М***Э,09:01:30,0011 УАР
27,"15,350,000 ₮","1,000,000 ₮",Б. П***А,09:01:24,0011 УАР
26,"14,350,000 ₮","100,000 ₮",З. Х***Р,09:01:22,0011 УАР
25,"14,250,000 ₮","1,000,000 ₮",Б. М***Э,09:01:17,0011 УАР
24,"13,250,000 ₮","50,000 ₮",Ч. А***А,09:01:17,0011 УАР
23,"13,200,000 ₮","100,000 ₮",П. Ц***Х,09:01:16,0011 УАР
22,"13,100,000 ₮","1,000,000 ₮",Б. П***А,09:01:05,0011 УАР
21,"12,100,000 ₮","100,000 ₮",Т. Э***Р,09:01:03,0011 УАР
20,"12,000,000 ₮","100,000 ₮",Ж. Б***Ү,09:01:02,0011 УАР
19,"11,900,000 ₮","1,000,000 ₮",Б. М***Э,09:01:01,0011 УАР
18,"10,900,000 ₮","1,000,000 ₮",Д. Б***Р,09:00:57,0011 УАР
17,"9,900,000 ₮","1,000,000 ₮",Б. М***Э,09:00:55,0011 УАР
16,"8,900,000 ₮","50,000 ₮",Б. Б***Ү,09:00:53,0011 УАР
15,"8,850,000 ₮","1,000,000 ₮",Б. П***А,09:00:50,0011 УАР
14,"7,850,000 ₮","50,000 ₮",Б. Д***Л,09:00:48,0011 УАР
13,"7,800,000 ₮","1,000,000 ₮",Б. М***Э,09:00:46,0011 УАР
12,"6,800,000 ₮","500,000 ₮",З. Х***Р,09:00:43,0011 УАР
11,"6,300,000 ₮","1,000,000 ₮",Д. С***Н,09:00:42,0011 УАР
10,"5,300,000 ₮","1,000,000 ₮",Б. М***Э,09:00:41,0011 УАР
9,"4,300,000 ₮","50,000 ₮",Б. Д***Л,09:00:38,0011 УАР
8,"4,250,000 ₮","1,000,000 ₮",Б. М***Э,09:00:34,0011 УАР
7,"3,250,000 ₮","1,000,000 ₮",Д. С***Н,09:00:33,0011 УАР
6,"2,250,000 ₮","50,000 ₮",Б. Д***Л,09:00:25,0011 УАР
5,"2,200,000 ₮","1,000,000 ₮",З. Х***Р,09:00:25,0011 УАР
4,"1,200,000 ₮","100,000 ₮",Б. П***А,09:00:25,0011 УАР
3,"1,100,000 ₮","50,000 ₮",Г. А***А,09:00:24,0011 УАР
2,"1,050,000 ₮","50,000 ₮",С. Б***Х,09:00:14,0011 УАР
1,"1,000,000 ₮","1,000,000 ₮",Б. М***Э,09:00:13,0011 УАР
180,"64,100,000 ₮","1,000,000 ₮",О. Б***Р,09:27:31,0101 УАР
179,"63,100,000 ₮","50,000 ₮",Г. Ц***А,09:27:16,0101 УАР
178,"63,050,000 ₮","1,000,000 ₮",О. Б***Р,09:26:10,0101 УАР
177,"62,050,000 ₮","1,000,000 ₮",С. Л***Л,09:25:56,0101 УАР
176,"61,050,000 ₮","1,000,000 ₮",О. Б***Р,09:25:49,0101 УАР
175,"60,050,000 ₮","1,000,000 ₮",С. Л***Л,09:25:46,0101 УАР
174,"59,050,000 ₮","1,000,000 ₮",О. Б***Р,09:25:37,0101 УАР
173,"58,050,000 ₮","50,000 ₮",Т. Э***Р,09:25:35,0101 УАР
172,"58,000,000 ₮","1,000,000 ₮",С. Л***Л,09:25:25,0101 УАР
171,"57,000,000 ₮","100,000 ₮",Ж. Б***Ү,09:25:17,0101 УАР
170,"56,900,000 ₮","1,000,000 ₮",С. Л***Л,09:25:09,0101 УАР
169,"55,900,000 ₮","500,000 ₮",Ж. Б***Ү,09:25:04,0101 УАР
168,"55,400,000 ₮","1,000,000 ₮",С. Л***Л,09:24:51,0101 УАР
167,"54,400,000 ₮","50,000 ₮",Ж. Б***Ү,09:24:45,0101 УАР
166,"54,350,000 ₮","1,000,000 ₮",С. Л***Л,09:24:36,0101 УАР
165,"53,350,000 ₮","1,000,000 ₮",О. Б***Р,09:23:07,0101 УАР
164,"52,350,000 ₮","50,000 ₮",Т. Э***Р,09:22:52,0101 УАР
163,"52,300,000 ₮","1,000,000 ₮",О. Б***Р,09:22:47,0101 УАР
162,"51,300,000 ₮","50,000 ₮",З. Ө***Р,09:22:46,0101 УАР
161,"51,250,000 ₮","50,000 ₮",Т. Э***Р,09:22:45,0101 УАР
160,"51,200,000 ₮","50,000 ₮",Д. О***Р,09:22:41,0101 УАР
159,"51,150,000 ₮","1,000,000 ₮",О. Б***Р,09:22:30,0101 УАР
158,"50,150,000 ₮","100,000 ₮",Т. Э***Р,09:22:06,0101 УАР
157,"50,050,000 ₮","1,000,000 ₮",О. Б***Р,09:21:26,0101 УАР
156,"49,050,000 ₮","1,000,000 ₮",С. Л***Л,09:21:24,0101 УАР
155,"48,050,000 ₮","1,000,000 ₮",О. Б***Р,09:21:14,0101 УАР
154,"47,050,000 ₮","1,000,000 ₮",С. Л***Л,09:21:10,0101 УАР
153,"46,050,000 ₮","1,000,000 ₮",О. Б***Р,09:21:04,0101 УАР
152,"45,050,000 ₮","1,000,000 ₮",С. Л***Л,09:21:02,0101 УАР
151,"44,050,000 ₮","50,000 ₮",Д. О***Р,09:21:01,0101 УАР
150,"44,000,000 ₮","1,000,000 ₮",С. Л***Л,09:20:59,0101 УАР
149,"43,000,000 ₮","1,000,000 ₮",О. Б***Р,09:20:43,0101 УАР
148,"42,000,000 ₮","1,000,000 ₮",С. Л***Л,09:20:38,0101 УАР
147,"41,000,000 ₮","1,000,000 ₮",О. Б***Р,09:20:36,0101 УАР
146,"40,000,000 ₮","1,000,000 ₮",С. Л***Л,09:20:33,0101 УАР
145,"39,000,000 ₮","50,000 ₮",О. Б***Р,09:20:30,0101 УАР
144,"38,950,000 ₮","1,000,000 ₮",С. Л***Л,09:20:26,0101 УАР
143,"37,950,000 ₮","50,000 ₮",О. Б***Р,09:20:22,0101 УАР
142,"37,900,000 ₮","1,000,000 ₮",С. Л***Л,09:20:18,0101 УАР
141,"36,900,000 ₮","50,000 ₮",О. Б***Р,09:20:18,0101 УАР
140,"36,850,000 ₮","100,000 ₮",Г. Ц***А,09:20:15,0101 УАР
139,"36,750,000 ₮","300,000 ₮",С. Л***Л,09:20:08,0101 УАР
138,"36,450,000 ₮","50,000 ₮",Г. Ц***А,09:20:06,0101 УАР
137,"36,400,000 ₮","50,000 ₮",С. Л***Л,09:19:58,0101 УАР
136,"36,350,000 ₮","50,000 ₮",Д. О***Р,09:19:38,0101 УАР
135,"36,300,000 ₮","1,000,000 ₮",Г. Ц***А,09:18:52,0101 УАР
134,"35,300,000 ₮","50,000 ₮",Д. О***Р,09:17:15,0101 УАР
133,"35,250,000 ₮","1,000,000 ₮",Т. Э***Р,09:16:48,0101 УАР
132,"34,250,000 ₮","50,000 ₮",О. Б***Р,09:16:42,0101 УАР
131,"34,200,000 ₮","500,000 ₮",Л. П***Н,09:16:38,0101 УАР
130,"33,700,000 ₮","50,000 ₮",О. Б***Р,09:16:18,0101 УАР
129,"33,650,000 ₮","50,000 ₮",Б. Б***Й,09:16:10,0101 УАР
128,"33,600,000 ₮","50,000 ₮",О. Б***Р,09:16:09,0101 УАР
127,"33,550,000 ₮","50,000 ₮",Д. О***Р,09:16:01,0101 УАР
126,"33,500,000 ₮","100,000 ₮",Т. Э***Р,09:15:49,0101 УАР
125,"33,400,000 ₮","1,000,000 ₮",Ж. Б***Ү,09:15:23,0101 УАР
124,"32,400,000 ₮","50,000 ₮",О. Б***Р,09:14:20,0101 УАР
123,"32,350,000 ₮","50,000 ₮",Д. О***Р,09:14:09,0101 УАР
122,"32,300,000 ₮","50,000 ₮",О. Б***Р,09:13:54,0101 УАР
121,"32,250,000 ₮","50,000 ₮",Б. Б***Й,09:13:49,0101 УАР
120,"32,200,000 ₮","500,000 ₮",О. Б***Р,09:13:09,0101 УАР
119,"31,700,000 ₮","50,000 ₮",Д. О***Р,09:13:01,0101 УАР
118,"31,650,000 ₮","500,000 ₮",О. Б***Р,09:12:59,0101 УАР
117,"31,150,000 ₮","50,000 ₮",Д. О***Р,09:12:45,0101 УАР
116,"31,100,000 ₮","100,000 ₮",Д. Э***Л,09:12:01,0101 УАР
115,"31,000,000 ₮","100,000 ₮",Д. Т***Г,09:11:58,0101 УАР
114,"30,900,000 ₮","100,000 ₮",Ж. Б***Ү,09:11:58,0101 УАР
113,"30,800,000 ₮","1,000,000 ₮",Т. Э***Р,09:11:57,0101 УАР
112,"29,800,000 ₮","500,000 ₮",О. Б***Р,09:11:53,0101 УАР
111,"29,300,000 ₮","50,000 ₮",Д. Б***Р,09:11:50,0101 УАР
110,"29,250,000 ₮","500,000 ₮",О. Б***Р,09:11:23,0101 УАР
109,"28,750,000 ₮","50,000 ₮",Э. З***Л,09:11:17,0101 УАР
108,"28,700,000 ₮","100,000 ₮",О. Б***Р,09:11:17,0101 УАР
107,"28,600,000 ₮","50,000 ₮",Э. З***Л,09:11:13,0101 УАР
106,"28,550,000 ₮","50,000 ₮",О. Б***Р,09:10:58,0101 УАР
105,"28,500,000 ₮","50,000 ₮",Д. О***Р,09:10:54,0101 УАР
104,"28,450,000 ₮","50,000 ₮",Н. Э***Г,09:10:52,0101 УАР
103,"28,400,000 ₮","50,000 ₮",Д. О***Р,09:10:51,0101 УАР
102,"28,350,000 ₮","1,000,000 ₮",С. Л***Л,09:10:36,0101 УАР
101,"27,350,000 ₮","1,000,000 ₮",Т. Э***Р,09:10:31,0101 УАР
100,"26,350,000 ₮","1,000,000 ₮",С. Л***Л,09:10:25,0101 УАР
99,"25,350,000 ₮","50,000 ₮",Э. З***Л,09:10:22,0101 УАР
98,"25,300,000 ₮","500,000 ₮",Д. Б***Р,09:10:22,0101 УАР
97,"24,800,000 ₮","1,000,000 ₮",С. Л***Л,09:10:20,0101 УАР
96,"23,800,000 ₮","50,000 ₮",Д. О***Р,09:10:15,0101 УАР
95,"23,750,000 ₮","50,000 ₮",С. Л***Л,09:10:13,0101 УАР
94,"23,700,000 ₮","100,000 ₮",Т. Э***Р,09:09:51,0101 УАР
93,"23,600,000 ₮","50,000 ₮",О. Б***Р,09:09:20,0101 УАР
92,"23,550,000 ₮","500,000 ₮",Т. Э***Р,09:09:07,0101 УАР
91,"23,050,000 ₮","500,000 ₮",О. Б***Р,09:08:46,0101 УАР
90,"22,550,000 ₮","50,000 ₮",Ж. Б***Ү,09:08:39,0101 УАР
89,"22,500,000 ₮","50,000 ₮",О. Б***Р,09:08:06,0101 УАР
88,"22,450,000 ₮","50,000 ₮",С. Л***Л,09:08:02,0101 УАР
87,"22,400,000 ₮","50,000 ₮",О. Б***Р,09:08:01,0101 УАР
86,"22,350,000 ₮","300,000 ₮",Д. Б***Р,09:08:00,0101 УАР
85,"22,050,000 ₮","100,000 ₮",Б. Б***Н,09:07:47,0101 УАР
84,"21,950,000 ₮","500,000 ₮",Г. Ш***Г,09:07:45,0101 УАР
83,"21,450,000 ₮","1,000,000 ₮",Т. Э***Р,09:07:43,0101 УАР
82,"20,450,000 ₮","50,000 ₮",О. Б***Р,09:07:30,0101 УАР
81,"20,400,000 ₮","50,000 ₮",Э. З***Л,09:07:25,0101 УАР
80,"20,350,000 ₮","1,000,000 ₮",С. Л***Л,09:07:14,0101 УАР
79,"19,350,000 ₮","50,000 ₮",О. Б***Р,09:07:11,0101 УАР
78,"19,300,000 ₮","1,000,000 ₮",С. Л***Л,09:07:02,0101 УАР
77,"18,300,000 ₮","50,000 ₮",О. Б***Р,09:06:59,0101 УАР
76,"18,250,000 ₮","1,000,000 ₮",С. Л***Л,09:06:55,0101 УАР
75,"17,250,000 ₮","50,000 ₮",Д. О***Р,09:06:53,0101 УАР
74,"17,200,000 ₮","500,000 ₮",Г. Ш***Г,09:06:48,0101 УАР
73,"16,700,000 ₮","50,000 ₮",Э. З***Л,09:06:47,0101 УАР
72,"16,650,000 ₮","1,000,000 ₮",Т. Э***Р,09:06:45,0101 УАР
71,"15,650,000 ₮","50,000 ₮",О. Б***Р,09:06:45,0101 УАР
70,"15,600,000 ₮","50,000 ₮",Д. О***Р,09:06:43,0101 УАР
69,"15,550,000 ₮","50,000 ₮",О. Б***Р,09:06:40,0101 УАР
68,"15,500,000 ₮","50,000 ₮",Д. О***Р,09:06:36,0101 УАР
67,"15,450,000 ₮","50,000 ₮",О. Б***Р,09:06:05,0101 УАР
66,"15,400,000 ₮","300,000 ₮",Д. Б***Р,09:05:59,0101 УАР
65,"15,100,000 ₮","500,000 ₮",Г. Ш***Г,09:05:54,0101 УАР
64,"14,600,000 ₮","50,000 ₮",О. Б***Р,09:05:53,0101 УАР
63,"14,550,000 ₮","50,000 ₮",Н. Э***Г,09:05:44,0101 УАР
62,"14,500,000 ₮","500,000 ₮",Т. Э***Р,09:05:38,0101 УАР
61,"14,000,000 ₮","50,000 ₮",О. Б***Р,09:05:30,0101 УАР
60,"13,950,000 ₮","1,000,000 ₮",С. Л***Л,09:05:03,0101 УАР
59,"12,950,000 ₮","300,000 ₮",Д. Т***Г,09:04:59,0101 УАР
58,"12,650,000 ₮","1,000,000 ₮",С. Л***Л,09:04:55,0101 УАР
57,"11,650,000 ₮","50,000 ₮",П. А***Л,09:04:53,0101 УАР
56,"11,600,000 ₮","300,000 ₮",Ж. Б***Ү,09:04:52,0101 УАР
55,"11,300,000 ₮","50,000 ₮",О. Б***Р,09:04:51,0101 УАР
54,"11,250,000 ₮","500,000 ₮",С. Л***Л,09:04:49,0101 УАР
53,"10,750,000 ₮","1,000,000 ₮",Д. Б***Р,09:04:48,0101 УАР
52,"9,750,000 ₮","50,000 ₮",Р. Т***Н,09:04:46,0101 УАР
51,"9,700,000 ₮","100,000 ₮",Д. Б***Р,09:04:41,0101 УАР
50,"9,600,000 ₮","1,000,000 ₮",С. Л***Л,09:04:30,0101 УАР
49,"8,600,000 ₮","50,000 ₮",Д. О***Р,09:04:23,0101 УАР
48,"8,550,000 ₮","50,000 ₮",Б. Б***Х,09:04:07,0101 УАР
47,"8,500,000 ₮","1,000,000 ₮",Т. Э***Р,09:04:00,0101 УАР
46,"7,500,000 ₮","1,000,000 ₮",Э. Б***Л,09:03:41,0101 УАР
45,"6,500,000 ₮","50,000 ₮",О. Б***Р,09:03:36,0101 УАР
44,"6,450,000 ₮","50,000 ₮",Т. Э***Р,09:03:26,0101 УАР
43,"6,400,000 ₮","100,000 ₮",Д. Т***Г,09:03:19,0101 УАР
42,"6,300,000 ₮","50,000 ₮",Т. Э***Р,09:02:49,0101 УАР
41,"6,250,000 ₮","100,000 ₮",Ж. Б***Ү,09:02:47,0101 УАР
40,"6,150,000 ₮","50,000 ₮",Ж. А***Г,09:02:41,0101 УАР
39,"6,100,000 ₮","50,000 ₮",Т. Э***Р,09:02:33,0101 УАР
38,"6,050,000 ₮","50,000 ₮",Ж. А***Г,09:02:30,0101 УАР
37,"6,000,000 ₮","50,000 ₮",Т. Э***Р,09:02:19,0101 УАР
36,"5,950,000 ₮","50,000 ₮",Х. Э***Э,09:02:18,0101 УАР
35,"5,900,000 ₮","100,000 ₮",П. Ц***Х,09:02:15,0101 УАР
34,"5,800,000 ₮","50,000 ₮",Т. Э***Р,09:02:08,0101 УАР
33,"5,750,000 ₮","50,000 ₮",О. Б***Р,09:01:54,0101 УАР
32,"5,700,000 ₮","50,000 ₮",Ж. А***Г,09:01:52,0101 УАР
31,"5,650,000 ₮","50,000 ₮",Д. Х***Р,09:01:48,0101 УАР
30,"5,600,000 ₮","300,000 ₮",Ж. Б***Ү,09:01:43,0101 УАР
29,"5,300,000 ₮","50,000 ₮",Д. О***Р,09:01:42,0101 УАР
28,"5,250,000 ₮","100,000 ₮",П. Ц***Х,09:01:42,0101 УАР
27,"5,150,000 ₮","100,000 ₮",Н. Б***Л,09:01:40,0101 УАР
26,"5,050,000 ₮","50,000 ₮",Т. Э***Р,09:01:31,0101 УАР
25,"5,000,000 ₮","50,000 ₮",Д. О***Р,09:01:30,0101 УАР
24,"4,950,000 ₮","50,000 ₮",Б. Т***Р,09:01:23,0101 УАР
23,"4,900,000 ₮","100,000 ₮",Т. Э***Р,09:01:17,0101 УАР
22,"4,800,000 ₮","100,000 ₮",П. Ц***Х,09:01:13,0101 УАР
21,"4,700,000 ₮","500,000 ₮",Д. Б***Р,09:01:13,0101 УАР
20,"4,200,000 ₮","100,000 ₮",С. Л***Л,09:01:03,0101 УАР
19,"4,100,000 ₮","50,000 ₮",Ж. А***Г,09:01:03,0101 УАР
18,"4,050,000 ₮","50,000 ₮",Д. О***Р,09:01:01,0101 УАР
17,"4,000,000 ₮","100,000 ₮",Б. Т***Р,09:01:01,0101 УАР
16,"3,900,000 ₮","50,000 ₮",Д. Т***Г,09:00:55,0101 УАР
15,"3,850,000 ₮","300,000 ₮",Ж. Б***Ү,09:00:53,0101 УАР
14,"3,550,000 ₮","50,000 ₮",Т. Э***Р,09:00:42,0101 УАР
13,"3,500,000 ₮","50,000 ₮",Д. О***Р,09:00:41,0101 УАР
12,"3,450,000 ₮","50,000 ₮",Б. А***Н,09:00:33,0101 УАР
11,"3,400,000 ₮","300,000 ₮",Т. Э***Р,09:00:30,0101 УАР
10,"3,100,000 ₮","50,000 ₮",Д. Т***Г,09:00:27,0101 УАР
9,"3,050,000 ₮","100,000 ₮",Б. Б***Н,09:00:25,0101 УАР
8,"2,950,000 ₮","100,000 ₮",Д. О***Г,09:00:23,0101 УАР
7,"2,850,000 ₮","100,000 ₮",С. Л***Л,09:00:19,0101 УАР
6,"2,750,000 ₮","50,000 ₮",Д. Т***Г,09:00:17,0101 УАР
5,"2,700,000 ₮","100,000 ₮",Т. Э***Р,09:00:17,0101 УАР
4,"2,600,000 ₮","1,000,000 ₮",Г. Г***А,09:00:15,0101 УАР
3,"1,600,000 ₮","100,000 ₮",С. Л***Л,09:00:14,0101 УАР
2,"1,500,000 ₮","500,000 ₮",Н. Ө***Н,09:00:10,0101 УАР
1,"1,000,000 ₮","1,000,000 ₮",П. Ц***Х,09:00:08,0101 УАР
43,"7,650,000 ₮","100,000 ₮",П. Ц***Х,09:08:31,1001 УАР
42,"7,550,000 ₮","100,000 ₮",Б. У***А,09:08:26,1001 УАР
41,"7,450,000 ₮","100,000 ₮",П. Ц***Х,09:08:19,1001 УАР
40,"7,350,000 ₮","300,000 ₮",Б. У***А,09:08:00,1001 УАР
39,"7,050,000 ₮","100,000 ₮",П. Ц***Х,09:07:36,1001 УАР
38,"6,950,000 ₮","50,000 ₮",Б. У***А,09:07:25,1001 УАР
37,"6,900,000 ₮","100,000 ₮",П. Ц***Х,09:06:58,1001 УАР
36,"6,800,000 ₮","1,000,000 ₮",Б. У***А,09:05:29,1001 УАР
35,"5,800,000 ₮","100,000 ₮",Б. Б***Н,09:05:21,1001 УАР
34,"5,700,000 ₮","50,000 ₮",Б. У***А,09:05:14,1001 УАР
33,"5,650,000 ₮","100,000 ₮",П. Ц***Х,09:05:03,1001 УАР
32,"5,550,000 ₮","300,000 ₮",Б. У***А,09:04:53,1001 УАР
31,"5,250,000 ₮","100,000 ₮",Б. Б***Н,09:04:42,1001 УАР
30,"5,150,000 ₮","300,000 ₮",Б. У***А,09:04:29,1001 УАР
29,"4,850,000 ₮","100,000 ₮",Б. Б***Н,09:04:17,1001 УАР
28,"4,750,000 ₮","100,000 ₮",Б. У***А,09:04:15,1001 УАР
27,"4,650,000 ₮","50,000 ₮",Ц. Ц***Т,09:04:10,1001 УАР
26,"4,600,000 ₮","50,000 ₮",Б. У***А,09:04:07,1001 УАР
25,"4,550,000 ₮","100,000 ₮",Б. Б***Н,09:04:04,1001 УАР
24,"4,450,000 ₮","50,000 ₮",Б. У***А,09:04:00,1001 УАР
23,"4,400,000 ₮","100,000 ₮",П. Ц***Х,09:03:59,1001 УАР
22,"4,300,000 ₮","100,000 ₮",Б. Б***Н,09:03:42,1001 УАР
21,"4,200,000 ₮","100,000 ₮",П. Ц***Х,09:03:28,1001 УАР
20,"4,100,000 ₮","50,000 ₮",Ц. Ц***Т,09:03:28,1001 УАР
19,"4,050,000 ₮","100,000 ₮",Б. Б***Н,09:03:12,1001 УАР
18,"3,950,000 ₮","100,000 ₮",П. Ц***Х,09:02:51,1001 УАР
17,"3,850,000 ₮","100,000 ₮",Б. Б***Н,09:02:45,1001 УАР
16,"3,750,000 ₮","100,000 ₮",П. Ц***Х,09:02:28,1001 УАР
15,"3,650,000 ₮","50,000 ₮",Д. С***Н,09:02:12,1001 УАР
14,"3,600,000 ₮","100,000 ₮",Х. Э***Э,09:01:59,1001 УАР
13,"3,500,000 ₮","100,000 ₮",Д. С***Н,09:01:49,1001 УАР
12,"3,400,000 ₮","100,000 ₮",Н. Б***Л,09:01:21,1001 УАР
11,"3,300,000 ₮","100,000 ₮",Д. С***Н,09:01:16,1001 УАР
10,"3,200,000 ₮","100,000 ₮",П. Ц***Х,09:01:10,1001 УАР
9,"3,100,000 ₮","1,000,000 ₮",Д. С***Н,09:01:08,1001 УАР
8,"2,100,000 ₮","50,000 ₮",Ц. Ц***Т,09:01:05,1001 УАР
7,"2,050,000 ₮","100,000 ₮",Д. Б***Э,09:01:04,1001 УАР
6,"1,950,000 ₮","50,000 ₮",Б. Б***Р,09:01:02,1001 УАР
5,"1,900,000 ₮","300,000 ₮",Б. Б***Н,09:00:47,1001 УАР
4,"1,600,000 ₮","50,000 ₮",Д. Г***Р,09:00:35,1001 УАР
3,"1,550,000 ₮","500,000 ₮",Б. Б***Н,09:00:25,1001 УАР
2,"1,050,000 ₮","50,000 ₮",Д. Г***Р,09:00:19,1001 УАР
1,"1,000,000 ₮","1,000,000 ₮",П. Ц***Х,09:00:13,1001 УАР