,ds,trend,yhat_lower,yhat_upper,trend_lower,trend_upper,additive_terms,additive_terms_lower,additive_terms_upper,animal_loss,animal_loss_lower,animal_loss_upper,extra_regressors_additive,extra_regressors_additive_lower,extra_regressors_additive_upper,yearly,yearly_lower,yearly_upper,multiplicative_terms,multiplicative_terms_lower,multiplicative_terms_upper,yhat
0,2010-12-01,4616.620050984577,3199.019422229051,4526.51963760837,4616.620050984577,4616.620050984577,-777.0944784282651,-777.0944784282651,-777.0944784282651,100.72713783643705,100.72713783643705,100.72713783643705,100.72713783643705,100.72713783643705,100.72713783643705,-877.8216162647021,-877.8216162647021,-877.8216162647021,0.0,0.0,0.0,3839.5255725563115
1,2011-01-01,4790.76942985198,3874.605278724603,5222.495520042929,4790.76942985198,4790.76942985198,-250.97051355213156,-250.97051355213156,-250.97051355213156,100.72713783643705,100.72713783643705,100.72713783643705,100.72713783643705,100.72713783643705,100.72713783643705,-351.6976513885686,-351.6976513885686,-351.6976513885686,0.0,0.0,0.0,4539.798916299848
2,2011-02-01,4964.918808719383,4436.213966178147,5729.843629420009,4964.918808719383,4964.918808719383,131.3704566740369,131.3704566740369,131.3704566740369,100.72713783643705,100.72713783643705,100.72713783643705,100.72713783643705,100.72713783643705,100.72713783643705,30.643318837599825,30.643318837599825,30.643318837599825,0.0,0.0,0.0,5096.2892653934205
3,2011-03-01,5122.215021889941,4841.483373506127,6171.345231748771,5122.215021889941,5122.215021889941,384.42674893195897,384.42674893195897,384.42674893195897,100.72713783643705,100.72713783643705,100.72713783643705,100.72713783643705,100.72713783643705,100.72713783643705,283.6996110955219,283.6996110955219,283.6996110955219,0.0,0.0,0.0,5506.6417708219005
4,2011-04-01,5296.364400757345,5323.777148674063,6633.1418757033025,5296.364400757345,5296.364400757345,707.1769294213548,707.1769294213548,707.1769294213548,100.72713783643705,100.72713783643705,100.72713783643705,100.72713783643705,100.72713783643705,100.72713783643705,606.4497915849178,606.4497915849178,606.4497915849178,0.0,0.0,0.0,6003.541330178699
5,2011-05-01,5464.8960577258,5594.582181094953,6908.920084291547,5464.8960577258,5464.8960577258,749.9561129437741,749.9561129437741,749.9561129437741,100.72713783643705,100.72713783643705,100.72713783643705,100.72713783643705,100.72713783643705,100.72713783643705,649.2289751073371,649.2289751073371,649.2289751073371,0.0,0.0,0.0,6214.852170669575
6,2011-06-01,5639.045436593204,5894.7820666348225,7231.374355490535,5639.045436593204,5639.045436593204,912.4947334050944,912.4947334050944,912.4947334050944,100.72713783643705,100.72713783643705,100.72713783643705,100.72713783643705,100.72713783643705,100.72713783643705,811.7675955686573,811.7675955686573,811.7675955686573,0.0,0.0,0.0,6551.540169998298
7,2011-07-01,5807.577093561659,5838.481043970938,7180.457310828491,5807.577093561659,5807.577093561659,685.2069566321005,685.2069566321005,685.2069566321005,100.72713783643705,100.72713783643705,100.72713783643705,100.72713783643705,100.72713783643705,100.72713783643705,584.4798187956635,584.4798187956635,584.4798187956635,0.0,0.0,0.0,6492.78405019376
8,2011-08-01,5981.7264727183465,5229.522111735304,6573.181869551724,5981.7264727183465,5981.7264727183465,-98.23593336161493,-98.23593336161493,-98.23593336161493,100.72713783643705,100.72713783643705,100.72713783643705,100.72713783643705,100.72713783643705,100.72713783643705,-198.96307119805198,-198.96307119805198,-198.96307119805198,0.0,0.0,0.0,5883.4905393567315
9,2011-09-01,6155.875851875036,5267.569707979163,6493.029019218686,6155.875851875036,6155.875851875036,-248.73276072996492,-248.73276072996492,-248.73276072996492,100.72713783643705,100.72713783643705,100.72713783643705,100.72713783643705,100.72713783643705,100.72713783643705,-349.459898566402,-349.459898566402,-349.459898566402,0.0,0.0,0.0,5907.143091145071
10,2011-10-01,6324.407509123444,5084.36950649768,6432.621546980202,6324.407509123444,6324.407509123444,-581.7615319672457,-581.7615319672457,-581.7615319672457,100.72713783643705,100.72713783643705,100.72713783643705,100.72713783643705,100.72713783643705,100.72713783643705,-682.4886698036827,-682.4886698036827,-682.4886698036827,0.0,0.0,0.0,5742.645977156198
11,2011-11-01,6498.556888280133,4871.810802844374,6252.8001675593605,6498.556888280133,6498.556888280133,-956.7189189664574,-956.7189189664574,-956.7189189664574,100.72713783643705,100.72713783643705,100.72713783643705,100.72713783643705,100.72713783643705,100.72713783643705,-1057.4460568028944,-1057.4460568028944,-1057.4460568028944,0.0,0.0,0.0,5541.837969313675
12,2011-12-01,6667.088545528541,5155.1785743137425,6462.604904584768,6667.088545528541,6667.088545528541,-852.4852397511453,-852.4852397511453,-852.4852397511453,100.72713783643705,100.72713783643705,100.72713783643705,100.72713783643705,100.72713783643705,100.72713783643705,-953.2123775875824,-953.2123775875824,-953.2123775875824,0.0,0.0,0.0,5814.603305777396
13,2012-01-01,6841.23792468523,5956.486245934857,7271.046269180058,6841.23792468523,6841.23792468523,-228.82394449930567,-228.82394449930567,-228.82394449930567,157.4144164999784,157.4144164999784,157.4144164999784,157.4144164999784,157.4144164999784,157.4144164999784,-386.23836099928405,-386.23836099928405,-386.23836099928405,0.0,0.0,0.0,6612.413980185924
14,2012-02-01,7015.387303564436,6632.617770456573,7952.962861348556,7015.387303564436,7015.387303564436,304.0080167761178,304.0080167761178,304.0080167761178,157.4144164999784,157.4144164999784,157.4144164999784,157.4144164999784,157.4144164999784,157.4144164999784,146.59360027613943,146.59360027613943,146.59360027613943,0.0,0.0,0.0,7319.395320340554
15,2012-03-01,7178.301238644984,6896.733993873602,8180.726335313426,7178.301238644984,7178.301238644984,347.55785764895273,347.55785764895273,347.55785764895273,157.4144164999784,157.4144164999784,157.4144164999784,157.4144164999784,157.4144164999784,157.4144164999784,190.14344114897438,190.14344114897438,190.14344114897438,0.0,0.0,0.0,7525.859096293936
16,2012-04-01,7352.4506175241895,7658.611230648806,8980.60970774788,7352.4506175241895,7352.4506175241895,923.6442907251112,923.6442907251112,923.6442907251112,157.4144164999784,157.4144164999784,157.4144164999784,157.4144164999784,157.4144164999784,157.4144164999784,766.2298742251329,766.2298742251329,766.2298742251329,0.0,0.0,0.0,8276.0949082493
17,2012-05-01,7520.9822745040665,7904.863352254995,9280.16601893093,7520.9822745040665,7520.9822745040665,1057.3294351111558,1057.3294351111558,1057.3294351111558,157.4144164999784,157.4144164999784,157.4144164999784,157.4144164999784,157.4144164999784,157.4144164999784,899.9150186111775,899.9150186111775,899.9150186111775,0.0,0.0,0.0,8578.311709615222
18,2012-06-01,7695.131653383272,7942.550504323954,9260.752695324634,7695.131653383272,7695.131653383272,915.1732273175098,915.1732273175098,915.1732273175098,157.4144164999784,157.4144164999784,157.4144164999784,157.4144164999784,157.4144164999784,157.4144164999784,757.7588108175314,757.7588108175314,757.7588108175314,0.0,0.0,0.0,8610.304880700782
19,2012-07-01,7863.66331036315,7809.3990460403475,9169.761733546778,7863.66331036315,7863.66331036315,600.0178179268358,600.0178179268358,600.0178179268358,157.4144164999784,157.4144164999784,157.4144164999784,157.4144164999784,157.4144164999784,157.4144164999784,442.60340142685743,442.60340142685743,442.60340142685743,0.0,0.0,0.0,8463.681128289985
20,2012-08-01,8037.812689242356,7378.571368036885,8722.786976398947,8037.812689242356,8037.812689242356,25.371489163984574,25.371489163984574,25.371489163984574,157.4144164999784,157.4144164999784,157.4144164999784,157.4144164999784,157.4144164999784,157.4144164999784,-132.04292733599382,-132.04292733599382,-132.04292733599382,0.0,0.0,0.0,8063.184178406341
21,2012-09-01,8193.643922261617,7137.42392708968,8544.610346579953,8193.643922261617,8193.643922261617,-348.2961897070711,-348.2961897070711,-348.2961897070711,157.4144164999784,157.4144164999784,157.4144164999784,157.4144164999784,157.4144164999784,157.4144164999784,-505.7106062070495,-505.7106062070495,-505.7106062070495,0.0,0.0,0.0,7845.347732554546
22,2012-10-01,8344.448341312514,7101.677306602782,8384.987055993404,8344.448341312514,8344.448341312514,-645.7280885356502,-645.7280885356502,-645.7280885356502,157.4144164999784,157.4144164999784,157.4144164999784,157.4144164999784,157.4144164999784,157.4144164999784,-803.1425050356286,-803.1425050356286,-803.1425050356286,0.0,0.0,0.0,7698.720252776864
23,2012-11-01,8500.279574331775,7067.179187415623,8439.621114975122,8500.279574331775,8500.279574331775,-750.2604804615522,-750.2604804615522,-750.2604804615522,157.4144164999784,157.4144164999784,157.4144164999784,157.4144164999784,157.4144164999784,157.4144164999784,-907.6748969615306,-907.6748969615306,-907.6748969615306,0.0,0.0,0.0,7750.019093870223
24,2012-12-01,8651.083993382674,7406.649519668706,8769.479667996353,8651.083993382674,8651.083993382674,-566.9660511930674,-566.9660511930674,-566.9660511930674,157.4144164999784,157.4144164999784,157.4144164999784,157.4144164999784,157.4144164999784,157.4144164999784,-724.3804676930457,-724.3804676930457,-724.3804676930457,0.0,0.0,0.0,8084.117942189607
25,2013-01-01,8806.915226401934,7959.013826410602,9269.292097019725,8806.915226401934,8806.915226401934,-208.16179484764197,-208.16179484764197,-208.16179484764197,64.71806122304228,64.71806122304228,64.71806122304228,64.71806122304228,64.71806122304228,64.71806122304228,-272.8798560706843,-272.8798560706843,-272.8798560706843,0.0,0.0,0.0,8598.753431554293
26,2013-02-01,8962.746459421194,8134.941302616423,9522.926608273447,8962.746459421194,8962.746459421194,-131.9420367571557,-131.9420367571557,-131.9420367571557,64.71806122304228,64.71806122304228,64.71806122304228,64.71806122304228,64.71806122304228,64.71806122304228,-196.660097980198,-196.660097980198,-196.660097980198,0.0,0.0,0.0,8830.804422664038
27,2013-03-01,9049.875435734692,8696.324151774217,10009.857396913148,9049.875435734692,9049.875435734692,288.7237149228501,288.7237149228501,288.7237149228501,64.71806122304228,64.71806122304228,64.71806122304228,64.71806122304228,64.71806122304228,64.71806122304228,224.0056536998078,224.0056536998078,224.0056536998078,0.0,0.0,0.0,9338.599150657541
28,2013-04-01,9146.33965951035,9264.09728778677,10555.203944779929,9146.33965951035,9146.33965951035,779.9941922256833,779.9941922256833,779.9941922256833,64.71806122304228,64.71806122304228,64.71806122304228,64.71806122304228,64.71806122304228,64.71806122304228,715.276131002641,715.276131002641,715.276131002641,0.0,0.0,0.0,9926.333851736033
29,2013-05-01,9239.692134131954,9478.975766718886,10732.955118822782,9239.692134131954,9239.692134131954,880.1597371444012,880.1597371444012,880.1597371444012,64.71806122304228,64.71806122304228,64.71806122304228,64.71806122304228,64.71806122304228,64.71806122304228,815.4416759213589,815.4416759213589,815.4416759213589,0.0,0.0,0.0,10119.851871276354
30,2013-06-01,9336.156357907612,9508.249931629507,10846.538661830387,9336.156357907612,9336.156357907612,838.4697825162707,838.4697825162707,838.4697825162707,64.71806122304228,64.71806122304228,64.71806122304228,64.71806122304228,64.71806122304228,64.71806122304228,773.7517212932285,773.7517212932285,773.7517212932285,0.0,0.0,0.0,10174.626140423883
31,2013-07-01,9429.508832529216,9302.338746326493,10672.098027926144,9429.508832529216,9429.508832529216,554.4778252954168,554.4778252954168,554.4778252954168,64.71806122304228,64.71806122304228,64.71806122304228,64.71806122304228,64.71806122304228,64.71806122304228,489.75976407237454,489.75976407237454,489.75976407237454,0.0,0.0,0.0,9983.986657824633
32,2013-08-01,9525.973056304874,8770.066113183482,10060.693547448162,9525.973056304874,9525.973056304874,-89.97324919836527,-89.97324919836527,-89.97324919836527,64.71806122304228,64.71806122304228,64.71806122304228,64.71806122304228,64.71806122304228,64.71806122304228,-154.69131042140756,-154.69131042140756,-154.69131042140756,0.0,0.0,0.0,9435.99980710651
33,2013-09-01,9622.437280080532,8586.310280650527,9916.81323753241,9622.437280080532,9622.437280080532,-389.255016657285,-389.255016657285,-389.255016657285,64.71806122304228,64.71806122304228,64.71806122304228,64.71806122304228,64.71806122304228,64.71806122304228,-453.97307788032725,-453.97307788032725,-453.97307788032725,0.0,0.0,0.0,9233.182263423247
34,2013-10-01,9634.275199941969,8287.644027327733,9571.250161966293,9634.275199941967,9634.275199941967,-696.3116952083485,-696.3116952083485,-696.3116952083485,64.71806122304228,64.71806122304228,64.71806122304228,64.71806122304228,64.71806122304228,64.71806122304228,-761.0297564313908,-761.0297564313908,-761.0297564313908,0.0,0.0,0.0,8937.96350473362
35,2013-11-01,9646.507717132119,8083.3375502979125,9376.882924517015,9646.507717132119,9646.507717132119,-891.0221804033015,-891.0221804033015,-891.0221804033015,64.71806122304228,64.71806122304228,64.71806122304228,64.71806122304228,64.71806122304228,64.71806122304228,-955.7402416263437,-955.7402416263437,-955.7402416263437,0.0,0.0,0.0,8755.485536728818
36,2013-12-01,9658.345636993554,8257.249083060437,9597.396075068893,9658.345636993554,9658.345636993554,-736.7890809402471,-736.7890809402471,-736.7890809402471,64.71806122304228,64.71806122304228,64.71806122304228,64.71806122304228,64.71806122304228,64.71806122304228,-801.5071421632894,-801.5071421632894,-801.5071421632894,0.0,0.0,0.0,8921.556556053307
37,2014-01-01,9670.578154183704,8844.081368847608,10182.426401422994,9670.578154183704,9670.578154183704,-149.4737140739442,-149.4737140739442,-149.4737140739442,164.42864206906546,164.42864206906546,164.42864206906546,164.42864206906546,164.42864206906546,164.42864206906546,-313.9023561430097,-313.9023561430097,-313.9023561430097,0.0,0.0,0.0,9521.10444010976
38,2014-02-01,9682.810671373854,9146.298429587137,10428.372795325691,9682.810671373854,9682.810671373854,80.60636332411295,80.60636332411295,80.60636332411295,164.42864206906546,164.42864206906546,164.42864206906546,164.42864206906546,164.42864206906546,164.42864206906546,-83.82227874495253,-83.82227874495253,-83.82227874495253,0.0,0.0,0.0,9763.417034697968
39,2014-03-01,9693.859396577862,9470.419771718409,10769.941363711076,9693.859396577862,9693.859396577862,419.637913844417,419.637913844417,419.637913844417,164.42864206906546,164.42864206906546,164.42864206906546,164.42864206906546,164.42864206906546,164.42864206906546,255.2092717753516,255.2092717753516,255.2092717753516,0.0,0.0,0.0,10113.497310422279
40,2014-04-01,9706.091913768012,9864.150002934308,11158.082986646388,9706.091913768012,9706.091913768012,826.4208629866743,826.4208629866743,826.4208629866743,164.42864206906546,164.42864206906546,164.42864206906546,164.42864206906546,164.42864206906546,164.42864206906546,661.9922209176088,661.9922209176088,661.9922209176088,0.0,0.0,0.0,10532.512776754686
41,2014-05-01,9676.954489041931,9902.896075865476,11240.361548197641,9676.954489041931,9676.954489041931,896.2710123553364,896.2710123553364,896.2710123553364,164.42864206906546,164.42864206906546,164.42864206906546,164.42864206906546,164.42864206906546,164.42864206906546,731.8423702862709,731.8423702862709,731.8423702862709,0.0,0.0,0.0,10573.225501397268
42,2014-06-01,9646.845816824984,9917.726121165044,11246.747376784655,9646.845816824984,9646.845816824984,956.1839362783697,956.1839362783697,956.1839362783697,164.42864206906546,164.42864206906546,164.42864206906546,164.42864206906546,164.42864206906546,164.42864206906546,791.7552942093043,791.7552942093043,791.7552942093043,0.0,0.0,0.0,10603.029753103354
43,2014-07-01,9617.708392098903,9678.575184788077,10969.371934875791,9617.708392098903,9617.708392098903,701.4974133503467,701.4974133503467,701.4974133503467,164.42864206906546,164.42864206906546,164.42864206906546,164.42864206906546,164.42864206906546,164.42864206906546,537.0687712812813,537.0687712812813,537.0687712812813,0.0,0.0,0.0,10319.20580544925
44,2014-08-01,9587.599719881953,8883.088318949438,10220.275670754367,9587.599719881953,9587.599719881953,-12.568668200484284,-12.568668200484284,-12.568668200484284,164.42864206906546,164.42864206906546,164.42864206906546,164.42864206906546,164.42864206906546,164.42864206906546,-176.99731026954976,-176.99731026954976,-176.99731026954976,0.0,0.0,0.0,9575.03105168147
45,2014-09-01,9557.491047665002,8654.938726891927,10007.29532942233,9557.491047665002,9557.491047665002,-237.4385671220667,-237.4385671220667,-237.4385671220667,164.42864206906546,164.42864206906546,164.42864206906546,164.42864206906546,164.42864206906546,164.42864206906546,-401.8672091911322,-401.8672091911322,-401.8672091911322,0.0,0.0,0.0,9320.052480542936
46,2014-10-01,9528.353622938923,8342.481839417514,9634.909024949244,9528.353622938923,9528.353622938923,-556.3698699761717,-556.3698699761717,-556.3698699761717,164.42864206906546,164.42864206906546,164.42864206906546,164.42864206906546,164.42864206906546,164.42864206906546,-720.7985120452371,-720.7985120452371,-720.7985120452371,0.0,0.0,0.0,8971.983752962751
47,2014-11-01,9498.20801395407,8018.623237798976,9318.415341379785,9498.20801395407,9498.20801395407,-841.2595417458463,-841.2595417458463,-841.2595417458463,164.42864206906546,164.42864206906546,164.42864206906546,164.42864206906546,164.42864206906546,164.42864206906546,-1005.6881838149117,-1005.6881838149117,-1005.6881838149117,0.0,0.0,0.0,8656.948472208223
48,2014-12-01,9469.034843968731,8081.941273389819,9403.086407203582,9469.034843968731,9469.034843968731,-713.3929741954972,-713.3929741954972,-713.3929741954972,164.42864206906546,164.42864206906546,164.42864206906546,164.42864206906546,164.42864206906546,164.42864206906546,-877.8216162645626,-877.8216162645626,-877.8216162645626,0.0,0.0,0.0,8755.641869773233
49,2015-01-01,9438.88923498388,8538.750749524832,9883.569893235119,9438.889234983882,9438.889234983882,-244.42016481948733,-244.42016481948733,-244.42016481948733,107.2774865691964,107.2774865691964,107.2774865691964,107.2774865691964,107.2774865691964,107.2774865691964,-351.6976513886837,-351.6976513886837,-351.6976513886837,0.0,0.0,0.0,9194.469070164394
50,2015-02-01,9408.743625999028,8845.341852073992,10173.718466297132,9408.743625999028,9408.743625999028,137.92080540648496,137.92080540648496,137.92080540648496,107.2774865691964,107.2774865691964,107.2774865691964,107.2774865691964,107.2774865691964,107.2774865691964,30.643318837288565,30.643318837288565,30.643318837288565,0.0,0.0,0.0,9546.664431405514
51,2015-03-01,9381.515334012713,9057.901666444577,10445.963172823305,9381.515334012713,9381.515334012713,390.97709766447565,390.97709766447565,390.97709766447565,107.2774865691964,107.2774865691964,107.2774865691964,107.2774865691964,107.2774865691964,107.2774865691964,283.6996110952792,283.6996110952792,283.6996110952792,0.0,0.0,0.0,9772.492431677189
52,2015-04-01,9351.36972502786,9353.428690737437,10797.275680439107,9351.36972502786,9351.36972502786,713.7272781546797,713.7272781546797,713.7272781546797,107.2774865691964,107.2774865691964,107.2774865691964,107.2774865691964,107.2774865691964,107.2774865691964,606.4497915854832,606.4497915854832,606.4497915854832,0.0,0.0,0.0,10065.09700318254
53,2015-05-01,9322.19655504252,9415.494895053687,10730.334945472034,9322.19655504252,9322.19655504252,756.5064616764465,756.5064616764465,756.5064616764465,107.2774865691964,107.2774865691964,107.2774865691964,107.2774865691964,107.2774865691964,107.2774865691964,649.22897510725,649.22897510725,649.22897510725,0.0,0.0,0.0,10078.703016718966
54,2015-06-01,9292.041501872207,9539.489965687664,10868.582647996118,9292.041501872207,9292.041501872207,919.0450821383058,919.0450821383058,919.0450821383058,107.2774865691964,107.2774865691964,107.2774865691964,107.2774865691964,107.2774865691964,107.2774865691964,811.7675955691093,811.7675955691093,811.7675955691093,0.0,0.0,0.0,10211.086584010513
55,2015-07-01,9262.859192352551,9293.663480746245,10595.117023918858,9262.859192352551,9262.859192352551,691.7573053648388,691.7573053648388,691.7573053648388,107.2774865691964,107.2774865691964,107.2774865691964,107.2774865691964,107.2774865691964,107.2774865691964,584.4798187956424,584.4798187956424,584.4798187956424,0.0,0.0,0.0,9954.61649771739
56,2015-08-01,9232.704139182237,8467.499711561743,9821.261028571336,9232.704139182237,9232.704139182237,-91.68558462858987,-91.68558462858987,-91.68558462858987,107.2774865691964,107.2774865691964,107.2774865691964,107.2774865691964,107.2774865691964,107.2774865691964,-198.96307119778626,-198.96307119778626,-198.96307119778626,0.0,0.0,0.0,9141.018554553646
57,2015-09-01,9202.549086011924,8283.203378959097,9622.329106815998,9202.549086011924,9202.549086011924,-242.1824119975216,-242.1824119975216,-242.1824119975216,107.2774865691964,107.2774865691964,107.2774865691964,107.2774865691964,107.2774865691964,107.2774865691964,-349.459898566718,-349.459898566718,-349.459898566718,0.0,0.0,0.0,8960.366674014404
58,2015-10-01,9173.366776492267,7905.304324221445,9245.600322382748,9173.366776492267,9173.366776492267,-575.2111832346139,-575.2111832346139,-575.2111832346139,107.2774865691964,107.2774865691964,107.2774865691964,107.2774865691964,107.2774865691964,107.2774865691964,-682.4886698038104,-682.4886698038104,-682.4886698038104,0.0,0.0,0.0,8598.155593257652
59,2015-11-01,9143.211723321954,7459.660349982649,8833.181363777843,9143.211723321954,9143.211723321954,-950.1685702335385,-950.1685702335385,-950.1685702335385,107.2774865691964,107.2774865691964,107.2774865691964,107.2774865691964,107.2774865691964,107.2774865691964,-1057.446056802735,-1057.446056802735,-1057.446056802735,0.0,0.0,0.0,8193.043153088416
60,2015-12-01,9114.029415813011,7577.6175890588565,8959.674949862465,9114.029415813011,9114.029415813011,-845.9348910187274,-845.9348910187274,-845.9348910187274,107.2774865691964,107.2774865691964,107.2774865691964,107.2774865691964,107.2774865691964,107.2774865691964,-953.2123775879238,-953.2123775879238,-953.2123775879238,0.0,0.0,0.0,8268.094524794284
61,2016-01-01,9083.874364720434,7958.857453129034,9260.37159117545,9083.874364720434,9083.874364720434,-489.62977501611863,-489.62977501611863,-489.62977501611863,-103.39141401688384,-103.39141401688384,-103.39141401688384,-103.39141401688384,-103.39141401688384,-103.39141401688384,-386.23836099923477,-386.23836099923477,-386.23836099923477,0.0,0.0,0.0,8594.244589704314
62,2016-02-01,9053.71931362786,8413.80127167196,9719.39214856115,9053.71931362786,9053.71931362786,43.202186259665545,43.202186259665545,43.202186259665545,-103.39141401688384,-103.39141401688384,-103.39141401688384,-103.39141401688384,-103.39141401688384,-103.39141401688384,146.59360027654938,146.59360027654938,146.59360027654938,0.0,0.0,0.0,9096.921499887525
63,2016-03-01,9025.509749702549,8430.492103124674,9738.817170250195,9025.509749702549,9025.509749702549,86.75202713198816,86.75202713198816,86.75202713198816,-103.39141401688384,-103.39141401688384,-103.39141401688384,-103.39141401688384,-103.39141401688384,-103.39141401688384,190.143441148872,190.143441148872,190.143441148872,0.0,0.0,0.0,9112.261776834537
64,2016-04-01,8995.354698609974,9048.07414167807,10332.858742704237,8995.354698609974,8995.354698609974,662.8384602078769,662.8384602078769,662.8384602078769,-103.39141401688384,-103.39141401688384,-103.39141401688384,-103.39141401688384,-103.39141401688384,-103.39141401688384,766.2298742247608,766.2298742247608,766.2298742247608,0.0,0.0,0.0,9658.19315881785
65,2016-05-01,8966.17239110103,9087.103754259713,10413.557897114531,8966.17239110103,8966.17239110103,796.5236045949422,796.5236045949422,796.5236045949422,-103.39141401688384,-103.39141401688384,-103.39141401688384,-103.39141401688384,-103.39141401688384,-103.39141401688384,899.915018611826,899.915018611826,899.915018611826,0.0,0.0,0.0,9762.695995695973
66,2016-06-01,8936.017340008453,8900.003953503396,10269.063000929858,8936.017340008453,8936.017340008453,654.3673968010854,654.3673968010854,654.3673968010854,-103.39141401688384,-103.39141401688384,-103.39141401688384,-103.39141401688384,-103.39141401688384,-103.39141401688384,757.7588108179693,757.7588108179693,757.7588108179693,0.0,0.0,0.0,9590.38473680954
67,2016-07-01,8906.835538086703,8570.970336704127,9887.175430161018,8906.835538086703,8906.835538086703,339.2119874101812,339.2119874101812,339.2119874101812,-103.39141401688384,-103.39141401688384,-103.39141401688384,-103.39141401688384,-103.39141401688384,-103.39141401688384,442.6034014270651,442.6034014270651,442.6034014270651,0.0,0.0,0.0,9246.047525496884
68,2016-08-01,8876.681009434227,7994.053005703683,9285.760678525594,8876.681009434227,8876.681009434227,-235.43434135292634,-235.43434135292634,-235.43434135292634,-103.39141401688384,-103.39141401688384,-103.39141401688384,-103.39141401688384,-103.39141401688384,-103.39141401688384,-132.04292733604248,-132.04292733604248,-132.04292733604248,0.0,0.0,0.0,8641.246668081301
69,2016-09-01,8846.526480781751,7557.871007666462,8918.971988039244,8846.526480781751,8846.526480781751,-609.1020202240159,-609.1020202240159,-609.1020202240159,-103.39141401688384,-103.39141401688384,-103.39141401688384,-103.39141401688384,-103.39141401688384,-103.39141401688384,-505.71060620713206,-505.71060620713206,-505.71060620713206,0.0,0.0,0.0,8237.424460557735
70,2016-10-01,8817.34467886,7243.443383657318,8566.254385460596,8817.34467886,8817.34467886,-906.5339190520708,-906.5339190520708,-906.5339190520708,-103.39141401688384,-103.39141401688384,-103.39141401688384,-103.39141401688384,-103.39141401688384,-103.39141401688384,-803.142505035187,-803.142505035187,-803.142505035187,0.0,0.0,0.0,7910.810759807929
71,2016-11-01,8787.190150207523,7142.853001359477,8451.042658333148,8787.190150207523,8787.190150207523,-1011.0663109780978,-1011.0663109780978,-1011.0663109780978,-103.39141401688384,-103.39141401688384,-103.39141401688384,-103.39141401688384,-103.39141401688384,-103.39141401688384,-907.6748969612139,-907.6748969612139,-907.6748969612139,0.0,0.0,0.0,7776.123839229425
72,2016-12-01,8758.008348285772,7285.303453839386,8613.207073848296,8758.008348285772,8758.008348285772,-827.7718817100945,-827.7718817100945,-827.7718817100945,-103.39141401688384,-103.39141401688384,-103.39141401688384,-103.39141401688384,-103.39141401688384,-103.39141401688384,-724.3804676932107,-724.3804676932107,-724.3804676932107,0.0,0.0,0.0,7930.236466575678
73,2017-01-01,8793.816999621315,7923.138410974408,9239.934216137553,8793.816999621315,8793.816999621315,-232.48474346907201,-232.48474346907201,-232.48474346907201,40.39511260174942,40.39511260174942,40.39511260174942,40.39511260174942,40.39511260174942,40.39511260174942,-272.8798560708214,-272.8798560708214,-272.8798560708214,0.0,0.0,0.0,8561.332256152242
74,2017-02-01,8829.62565095686,7995.5835172549905,9328.101971267768,8829.62565095686,8829.62565095686,-156.26498537833996,-156.26498537833996,-156.26498537833996,40.39511260174942,40.39511260174942,40.39511260174942,40.39511260174942,40.39511260174942,40.39511260174942,-196.66009798008938,-196.66009798008938,-196.66009798008938,0.0,0.0,0.0,8673.360665578519
75,2017-03-01,8861.96894893735,8510.94476527133,9818.022435365549,8861.96894893735,8861.96894893735,264.40076630163895,264.40076630163895,264.40076630163895,40.39511260174942,40.39511260174942,40.39511260174942,40.39511260174942,40.39511260174942,40.39511260174942,224.00565369988956,224.00565369988956,224.00565369988956,0.0,0.0,0.0,9126.369715238989
76,2017-04-01,8897.777600272892,9058.263296467323,10356.448855430925,8897.777600272892,8897.777600272892,755.6712436044711,755.6712436044711,755.6712436044711,40.39511260174942,40.39511260174942,40.39511260174942,40.39511260174942,40.39511260174942,40.39511260174942,715.2761310027216,715.2761310027216,715.2761310027216,0.0,0.0,0.0,9653.448843877362
77,2017-05-01,8932.431133823418,9102.891909211274,10394.43096261461,8932.431133823418,8932.431133823418,855.836788523029,855.836788523029,855.836788523029,40.39511260174942,40.39511260174942,40.39511260174942,40.39511260174942,40.39511260174942,40.39511260174942,815.4416759212796,815.4416759212796,815.4416759212796,0.0,0.0,0.0,9788.267922346447
78,2017-06-01,8968.239785158961,9149.26459088406,10462.124569320542,8968.239785158961,8968.239785158961,814.1468338945658,814.1468338945658,814.1468338945658,40.39511260174942,40.39511260174942,40.39511260174942,40.39511260174942,40.39511260174942,40.39511260174942,773.7517212928163,773.7517212928163,773.7517212928163,0.0,0.0,0.0,9782.386619053526
79,2017-07-01,9002.893318709488,8875.58218542897,10150.293968157415,9002.893318709488,9002.893318709488,530.1548766739085,530.1548766739085,530.1548766739085,40.39511260174942,40.39511260174942,40.39511260174942,40.39511260174942,40.39511260174942,40.39511260174942,489.7597640721591,489.7597640721591,489.7597640721591,0.0,0.0,0.0,9533.048195383397
80,2017-08-01,9099.814869258833,8354.94854976339,9652.688870335196,9099.814869258833,9099.814869258833,-114.29619781954223,-114.29619781954223,-114.29619781954223,40.39511260174942,40.39511260174942,40.39511260174942,40.39511260174942,40.39511260174942,40.39511260174942,-154.69131042129166,-154.69131042129166,-154.69131042129166,0.0,0.0,0.0,8985.518671439291
81,2017-09-01,9196.736419808178,8122.626293322158,9468.352828648309,9196.736419808178,9196.736419808178,-413.57796527850536,-413.57796527850536,-413.57796527850536,40.39511260174942,40.39511260174942,40.39511260174942,40.39511260174942,40.39511260174942,40.39511260174942,-453.9730778802548,-453.9730778802548,-453.9730778802548,0.0,0.0,0.0,8783.158454529672
82,2017-10-01,9290.531468726898,7899.184079201732,9255.501171638793,9290.531468726898,9290.531468726898,-720.6346438292796,-720.6346438292796,-720.6346438292796,40.39511260174942,40.39511260174942,40.39511260174942,40.39511260174942,40.39511260174942,40.39511260174942,-761.0297564310291,-761.0297564310291,-761.0297564310291,0.0,0.0,0.0,8569.896824897618
83,2017-11-01,9387.453019276247,7825.396960428654,9111.02656125545,9387.453019276247,9387.453019276247,-915.3451290239977,-915.3451290239977,-915.3451290239977,40.39511260174942,40.39511260174942,40.39511260174942,40.39511260174942,40.39511260174942,40.39511260174942,-955.7402416257471,-955.7402416257471,-955.7402416257471,0.0,0.0,0.0,8472.10789025225
84,2017-12-01,9481.248068194966,8067.324540035272,9403.393738851713,9481.248068194966,9481.248068194966,-761.1120295614201,-761.1120295614201,-761.1120295614201,40.39511260174942,40.39511260174942,40.39511260174942,40.39511260174942,40.39511260174942,40.39511260174942,-801.5071421631694,-801.5071421631694,-801.5071421631694,0.0,0.0,0.0,8720.136038633545
85,2018-01-01,9578.169618744312,8198.293353294306,9509.849365449963,9578.169618744312,9578.169618744312,-718.8748843448001,-718.8748843448001,-718.8748843448001,-404.97252820171667,-404.97252820171667,-404.97252820171667,-404.97252820171667,-404.97252820171667,-404.97252820171667,-313.90235614308335,-313.90235614308335,-313.90235614308335,0.0,0.0,0.0,8859.294734399513
86,2018-02-01,9675.091169293657,8523.853581094074,9871.864183544321,9675.091169293657,9675.091169293657,-488.79480694679233,-488.79480694679233,-488.79480694679233,-404.97252820171667,-404.97252820171667,-404.97252820171667,-404.97252820171667,-404.97252820171667,-404.97252820171667,-83.82227874507572,-83.82227874507572,-83.82227874507572,0.0,0.0,0.0,9186.296362346864
87,2018-03-01,9762.63321495113,8958.225179609384,10253.784427276005,9762.63321495113,9762.63321495113,-149.76325642651895,-149.76325642651895,-149.76325642651895,-404.97252820171667,-404.97252820171667,-404.97252820171667,-404.97252820171667,-404.97252820171667,-404.97252820171667,255.2092717751977,255.2092717751977,255.2092717751977,0.0,0.0,0.0,9612.869958524612
88,2018-04-01,9859.554765500476,9398.620510935518,10815.608264891696,9859.554765500476,9859.554765500476,257.0196927159472,257.0196927159472,257.0196927159472,-404.97252820171667,-404.97252820171667,-404.97252820171667,-404.97252820171667,-404.97252820171667,-404.97252820171667,661.9922209176639,661.9922209176639,661.9922209176639,0.0,0.0,0.0,10116.574458216422
89,2018-05-01,9953.349814419196,9597.067975656131,10960.818713930166,9953.349814419196,9953.349814419196,326.86984208402566,326.86984208402566,326.86984208402566,-404.97252820171667,-404.97252820171667,-404.97252820171667,-404.97252820171667,-404.97252820171667,-404.97252820171667,731.8423702857423,731.8423702857423,731.8423702857423,0.0,0.0,0.0,10280.219656503223
90,2018-06-01,10050.271364968541,9839.492777187083,11099.886024319687,10050.271364968541,10050.271364968541,386.7827660075451,386.7827660075451,386.7827660075451,-404.97252820171667,-404.97252820171667,-404.97252820171667,-404.97252820171667,-404.97252820171667,-404.97252820171667,791.7552942092618,791.7552942092618,791.7552942092618,0.0,0.0,0.0,10437.054130976087
91,2018-07-01,10144.066413887263,9583.835627396407,10975.859017008592,10144.066413887263,10144.066413887263,132.09624307960823,132.09624307960823,132.09624307960823,-404.97252820171667,-404.97252820171667,-404.97252820171667,-404.97252820171667,-404.97252820171667,-404.97252820171667,537.0687712813249,537.0687712813249,537.0687712813249,0.0,0.0,0.0,10276.162656966872
92,2018-08-01,10240.987964436608,8908.495625666159,10313.15741385268,10240.987964436608,10240.987964436608,-581.9698384713334,-581.9698384713334,-581.9698384713334,-404.97252820171667,-404.97252820171667,-404.97252820171667,-404.97252820171667,-404.97252820171667,-404.97252820171667,-176.9973102696168,-176.9973102696168,-176.9973102696168,0.0,0.0,0.0,9659.018125965275
93,2018-09-01,10337.909514985953,8840.316754448217,10115.434015952544,10337.909514985953,10337.909514985953,-806.8397373930296,-806.8397373930296,-806.8397373930296,-404.97252820171667,-404.97252820171667,-404.97252820171667,-404.97252820171667,-404.97252820171667,-404.97252820171667,-401.86720919131295,-401.86720919131295,-401.86720919131295,0.0,0.0,0.0,9531.069777592924
94,2018-10-01,10431.704563904674,8698.09626766843,9983.587174329901,10431.704563904674,10431.704563904674,-1125.7710402471619,-1125.7710402471619,-1125.7710402471619,-404.97252820171667,-404.97252820171667,-404.97252820171667,-404.97252820171667,-404.97252820171667,-404.97252820171667,-720.7985120454452,-720.7985120454452,-720.7985120454452,0.0,0.0,0.0,9305.933523657512
95,2018-11-01,10528.626114454019,8498.13462272638,9800.47868361454,10528.626114454019,10528.626114454019,-1410.6607120167641,-1410.6607120167641,-1410.6607120167641,-404.97252820171667,-404.97252820171667,-404.97252820171667,-404.97252820171667,-404.97252820171667,-404.97252820171667,-1005.6881838150475,-1005.6881838150475,-1005.6881838150475,0.0,0.0,0.0,9117.965402437254
96,2018-12-01,10622.421163372745,8646.883019460745,9996.932241554945,10622.421163372745,10622.421163372745,-1282.7941444666178,-1282.7941444666178,-1282.7941444666178,-404.97252820171667,-404.97252820171667,-404.97252820171667,-404.97252820171667,-404.97252820171667,-404.97252820171667,-877.8216162649012,-877.8216162649012,-877.8216162649012,0.0,0.0,0.0,9339.627018906127
97,2019-01-01,10719.342713922086,9290.911243897643,10609.296395978292,10719.342713922086,10719.342713922086,-756.6701795901222,-756.6701795901222,-756.6701795901222,-404.97252820171667,-404.97252820171667,-404.97252820171667,-404.97252820171667,-404.97252820171667,-404.97252820171667,-351.69765138840546,-351.69765138840546,-351.69765138840546,0.0,0.0,0.0,9962.672534331963
98,2019-02-01,10816.264264471432,9773.861700915098,11055.688549093402,10816.264264471432,10816.264264471432,-374.3292093645328,-374.3292093645328,-374.3292093645328,-404.97252820171667,-404.97252820171667,-404.97252820171667,-404.97252820171667,-404.97252820171667,-404.97252820171667,30.64331883718381,30.64331883718381,30.64331883718381,0.0,0.0,0.0,10441.9350551069
99,2019-03-01,10903.806310128906,10138.300764718988,11408.406063980656,10903.806310128906,10903.806310128906,-121.27291710619862,-121.27291710619862,-121.27291710619862,-404.97252820171667,-404.97252820171667,-404.97252820171667,-404.97252820171667,-404.97252820171667,-404.97252820171667,283.69961109551804,283.69961109551804,283.69961109551804,0.0,0.0,0.0,10782.533393022708
100,2019-04-01,11000.727860678251,10530.089350701795,11909.45035684828,11000.727860678251,11000.727860678251,201.47726338363537,201.47726338363537,201.47726338363537,-404.97252820171667,-404.97252820171667,-404.97252820171667,-404.97252820171667,-404.97252820171667,-404.97252820171667,606.449791585352,606.449791585352,606.449791585352,0.0,0.0,0.0,11202.205124061886
101,2019-04-30,11091.39640796635,10745.839855186807,12056.152686968057,11091.39640796635,11091.39640796635,330.81196739646344,330.81196739646344,330.81196739646344,-5.795240726857653e-14,-5.795240726857653e-14,-5.795240726857653e-14,-5.795240726857653e-14,-5.795240726857653e-14,-5.795240726857653e-14,330.81196739646344,330.81196739646344,330.81196739646344,0.0,0.0,0.0,11422.208375362812
102,2019-05-31,11188.317958515694,11463.996133466004,12716.657436538422,11188.204692755464,11189.455229055697,911.7372445288764,911.7372445288764,911.7372445288764,-5.795240726857653e-14,-5.795240726857653e-14,-5.795240726857653e-14,-5.795240726857653e-14,-5.795240726857653e-14,-5.795240726857653e-14,911.7372445288764,911.7372445288764,911.7372445288764,0.0,0.0,0.0,12100.05520304457
103,2019-06-30,11282.113007434416,11391.09041021578,12674.702215428984,11275.30268388247,11292.875821282185,774.1064063974404,774.1064063974404,774.1064063974404,-5.795240726857653e-14,-5.795240726857653e-14,-5.795240726857653e-14,-5.795240726857653e-14,-5.795240726857653e-14,-5.795240726857653e-14,774.1064063974404,774.1064063974404,774.1064063974404,0.0,0.0,0.0,12056.219413831857
104,2019-07-31,11379.034557983761,10434.575639558137,11777.66484557839,11356.551491458576,11416.168146507702,-283.487134221753,-283.487134221753,-283.487134221753,-5.795240726857653e-14,-5.795240726857653e-14,-5.795240726857653e-14,-5.795240726857653e-14,-5.795240726857653e-14,-5.795240726857653e-14,-283.487134221753,-283.487134221753,-283.487134221753,0.0,0.0,0.0,11095.547423762007
105,2019-08-31,11475.956108533106,10669.035534270295,12043.887461556307,11427.770508577047,11535.771549432666,-138.1568959840592,-138.1568959840592,-138.1568959840592,-5.795240726857653e-14,-5.795240726857653e-14,-5.795240726857653e-14,-5.795240726857653e-14,-5.795240726857653e-14,-5.795240726857653e-14,-138.15689598405913,-138.15689598405913,-138.15689598405913,0.0,0.0,0.0,11337.799212549047
106,2019-09-30,11569.751157451827,10294.707696881875,11703.910195436658,11493.546961188644,11658.738038231502,-549.133838098333,-549.133838098333,-549.133838098333,-5.795240726857653e-14,-5.795240726857653e-14,-5.795240726857653e-14,-5.795240726857653e-14,-5.795240726857653e-14,-5.795240726857653e-14,-549.1338380983328,-549.1338380983328,-549.1338380983328,0.0,0.0,0.0,11020.617319353494
107,2019-10-31,11666.672708001171,9700.842277806947,11061.402199218564,11559.604698136976,11791.037369117657,-1281.0100931048041,-1281.0100931048041,-1281.0100931048041,-5.795240726857653e-14,-5.795240726857653e-14,-5.795240726857653e-14,-5.795240726857653e-14,-5.795240726857653e-14,-5.795240726857653e-14,-1281.0100931048041,-1281.0100931048041,-1281.0100931048041,0.0,0.0,0.0,10385.662614896368
108,2019-11-30,11760.467756919894,9881.118540859068,11209.361387286372,11623.65290176458,11928.293680285224,-1243.378294662355,-1243.378294662355,-1243.378294662355,-5.795240726857653e-14,-5.795240726857653e-14,-5.795240726857653e-14,-5.795240726857653e-14,-5.795240726857653e-14,-5.795240726857653e-14,-1243.378294662355,-1243.378294662355,-1243.378294662355,0.0,0.0,0.0,10517.08946225754
109,2019-12-31,11857.38930746924,10686.76340687342,12117.463910796865,11687.843935079685,12070.60509211001,-491.5135696472935,-491.5135696472935,-491.5135696472935,-5.795240726857653e-14,-5.795240726857653e-14,-5.795240726857653e-14,-5.795240726857653e-14,-5.795240726857653e-14,-5.795240726857653e-14,-491.5135696472934,-491.5135696472934,-491.5135696472934,0.0,0.0,0.0,11365.875737821947
110,2020-01-31,11954.310858018584,11894.521317797,13337.953900910165,11752.558214444256,12211.684498340112,622.2869430946187,622.2869430946187,622.2869430946187,-5.795240726857653e-14,-5.795240726857653e-14,-5.795240726857653e-14,-5.795240726857653e-14,-5.795240726857653e-14,-5.795240726857653e-14,622.2869430946188,622.2869430946188,622.2869430946188,0.0,0.0,0.0,12576.597801113203
111,2020-02-29,12044.979405306682,11631.364264850992,13192.625577201386,11817.209687971628,12360.76906784197,309.427094754119,309.427094754119,309.427094754119,-5.795240726857653e-14,-5.795240726857653e-14,-5.795240726857653e-14,-5.795240726857653e-14,-5.795240726857653e-14,-5.795240726857653e-14,309.4270947541191,309.4270947541191,309.4270947541191,0.0,0.0,0.0,12354.4065000608
112,2020-03-31,12141.90095585603,12004.221382546231,13474.121342984034,11874.852520367984,12500.283771029779,548.7246933711916,548.7246933711916,548.7246933711916,-5.795240726857653e-14,-5.795240726857653e-14,-5.795240726857653e-14,-5.795240726857653e-14,-5.795240726857653e-14,-5.795240726857653e-14,548.7246933711917,548.7246933711917,548.7246933711917,0.0,0.0,0.0,12690.625649227222
